"","BTC","Oil","Gold","new_cases","total_cases","BTC_ROC","Oil_ROC","Gold_ROC","BTC_7MA","Oil_7MA","Gold_7MA","new_cases_7MA","new_cases_ROC"
"2020-01-01",7200.174316,61.1200005,1522,0,0,0.000913616639323322,0.000982149354828543,0.00164392606478359,7279.49525657143,61.5228576428571,1515.34287814286,0,0
"2020-01-02",6985.470215,61.18,1524.5,0,0,-0.0302729280174034,0.000981185683863295,0.00164122800667776,7243.28145914286,61.4514290714286,1517.51429971429,0,0
"2020-01-03",7344.884277,63.049999,1549.199951,0,0,0.0501717458908626,0.0301077078277432,0.0160721495830591,7251.10944457143,61.6414287857143,1522.57142857143,0,0
"2020-01-04",7410.656738,63.1233326666667,1554.86661766667,0,0,0.00891500983274618,0.00116242749486872,0.00365112850280891,7264.34751657143,61.8438095476191,1528.4047502381,0,0
"2020-01-05",7411.317383,63.1966663333333,1560.53328433333,0,0,8.91439959396223e-05,0.00116107782592856,0.0036378462439961,7262.72816671428,62.0585713571429,1535.01426471429,0,0
"2020-01-06",7769.219238,63.27,1566.199951,0,0,0.0471614671741616,0.0011597312874958,0.00362466027274877,7330.760184,62.2857142142857,1542.399972,0,0
"2020-01-07",8163.692383,62.700001,1571.800049,0,0,0.0495268893855734,-0.00904981957095519,0.00356921857560177,7469.34493571428,62.5199999285714,1549.87140757143,0,0
"2020-01-08",8079.862793,59.610001,1557.400024,0,0,-0.010321673221906,-0.0505381015802939,-0.00920371105333917,7595.01471814286,62.3042857142857,1554.92855385714,0,0
"2020-01-09",7879.071289,59.560001,1551.699951,0,0,-0.0251648511262186,-0.000839137401944079,-0.00366670704201599,7722.67201442857,62.0728572857143,1558.81426114286,0,0
"2020-01-10",8166.554199,59.040001,1557.5,0,0,0.0358370170384728,-0.00876902737571417,0.00373089915043945,7840.05343185714,61.5000004285714,1559.99998242857,0,0
"2020-01-11",8037.537598,58.7200013333333,1554.46667466667,0,0,-0.0159242898612195,-0.005434790216996,-0.00194945936836532,7929.60784042857,60.8709530952381,1559.94284771429,0,0
"2020-01-12",8192.494141,58.4000016666667,1551.43334933333,0,0,0.0190956190487643,-0.00546448863989646,-0.00195326718458588,8041.20452014286,60.1857152857143,1558.642857,0,0
"2020-01-13",8144.194336,58.080002,1548.400024,0,0,-0.00591306442536244,-0.00549451342119145,-0.00195708990529297,8094.77239128572,59.444287,1556.10001028571,0,0
"2020-01-14",8827.764648,58.23,1542.400024,0,0,0.0805965063211342,0.00257928089722625,-0.00388249478691716,8189.63985771429,58.8057154285714,1551.90000671429,0,0
"2020-01-15",8807.010742,57.810001,1552.099976,0,0,-0.00235374878586647,-0.007238897456598,0.00626917677777072,8293.51813614286,58.5485725714286,1551.142857,0,0
"2020-01-16",8723.786133,58.52,1549,0,0,-0.00949474628207625,0.0122067877594931,-0.00199927577734904,8414.19168528571,58.400001,1550.75714971429,0,0
"2020-01-17",8929.038086,58.540001,1558.800049,0,0,0.023255338701146,0.000341722194153071,0.00630676448212153,8523.11795485714,58.3285724285714,1550.942871,0,0
"2020-01-18",8942.808594,58.49000075,1558.20004275,0,0,0.00154102829681868,-0.00085448606843741,-0.000384989566730276,8652.44238285714,58.2957152023809,1551.47620929762,0,0
"2020-01-19",8706.245117,58.4400005,1557.6000365,0,0,-0.0268091025656894,-0.000855216839356743,-0.000385137840782868,8725.83537942857,58.3014293214286,1552.35716460714,0,0
"2020-01-20",8657.642578,58.39000025,1557.00003025,0,0,-0.00559813179900104,-0.000855948861280709,-0.000385286229090731,8799.18512828571,58.3457147857143,1553.58573692857,0,0
"2020-01-21",8745.894531,58.34,1556.400024,0,0,0.0101419279199106,-0.00085668213742629,-0.000385434731787093,8787.48939728571,58.3614290714286,1555.58573692857,0,0
"2020-01-22",8680.875977,56.740002,1555.300049,0,0,-0.0074619512157863,-0.0278084998103685,-0.000706992974909504,8769.47014514286,58.2085720714286,1556.04289021429,0,0
"2020-01-23",8406.515625,55.59,1564.599976,0,0,-0.0321153677735939,-0.020476135663829,0.00596170035590671,8724.14578685714,57.7900006428571,1558.27145821429,0,0
"2020-01-24",8445.43457,54.189999,1571.099976,1,1,0.00461893297129379,-0.0255069578409444,0.00414581076603415,8655.05957028571,57.1685717857143,1560.02859064286,0.142857142857143,2.39789527279837
"2020-01-25",8367.847656,53.839999,1573.00000033333,0,1,-0.00922930617528372,-0.00647970436151235,0.00120862859255677,8572.92229342857,56.5042858214286,1562.14287029762,0.142857142857143,-2.39789527279837
"2020-01-26",8596.830078,53.489999,1574.90002466667,3,4,0.0269968381181069,-0.00652196491484558,0.0012071695727176,8557.29157357143,55.79714275,1564.61429717857,0.571428571428571,3.43398720448515
"2020-01-27",8909.819336,53.139999,1576.800049,0,4,0.0357604250039181,-0.00656478033462404,0.00120571407120096,8593.31682471429,55.0471425714286,1567.44287128571,0.571428571428571,-3.43398720448515
"2020-01-28",9358.589844,53.48,1569.199951,0,4,0.0491406567132469,0.00637783072029086,-0.00483160380481085,8680.84472657143,54.3528568571429,1569.27143228571,0.571428571428571,0
"2020-01-29",9316.629883,53.330002,1569.800049,1,5,-0.00449365867940266,-0.00280869011888818,0.000382349797585668,8771.66671314286,53.865714,1571.34286085714,0.714285714285714,2.39789527279837
"2020-01-30",9508.993164,52.139999,1583.5,0,5,0.0204370368913835,-0.0225666727886318,0.00868933307181408,8929.16350442857,53.3728567142857,1574.04286428571,0.714285714285714,-2.39789527279837
"2020-01-31",9350.529297,51.560001,1582.900024,2,7,-0.0168050486560016,-0.011186191860356,-0.000378964124958081,9058.46275114286,52.9971427142857,1575.72858542857,0.857142857142857,3.04452243772342
"2020-02-01",9392.875,51.0766676666667,1580.99999966667,0,7,0.00451847213827605,-0.00941840596548005,-0.00120106485510174,9204.89522885714,52.6023810952381,1576.87144247619,0.857142857142857,-3.04452243772342
"2020-02-02",9344.365234,50.5933343333333,1579.09997533333,0,7,-0.0051779102766556,-0.00950795642727975,-0.0012025091467498,9311.68596542857,52.1885718571429,1577.47143542857,0.428571428571429,0
"2020-02-03",9293.521484,50.110001,1577.199951,3,10,-0.00545597007793575,-0.00959922614537678,-0.00120395691612796,9366.500558,51.755715,1577.52856428571,0.857142857142857,3.43398720448515
"2020-02-04",9180.962891,49.610001,1550.400024,0,10,-0.0121854535678825,-0.0100281624575462,-0.0171381143193789,9341.125279,51.202858,1574.84286042857,0.857142857142857,-3.43398720448515
"2020-02-05",9613.423828,50.75,1557.800049,0,10,0.0460283479389059,0.0227191714517132,0.00476162332408503,9383.524414,50.8342862857143,1573.12857471429,0.714285714285714,0
"2020-02-06",9729.801758,50.950001,1565.099976,1,11,0.012033084526216,0.00393316137392219,0.00467510342151023,9415.06849885714,50.6642865714286,1570.49999985714,0.857142857142857,2.39789527279837
"2020-02-07",9795.943359,50.32,1568.599976,0,11,0.00677483533521972,-0.0124421669036341,0.00223378211632497,9478.69907914286,50.4871435714286,1568.45713585714,0.571428571428571,-2.39789527279837
"2020-02-08",9865.119141,50.07,1570.633301,0,11,0.00703685952375466,-0.00498058605033158,0.00129542796277438,9546.16252785714,50.3433339047619,1566.97617890476,0.571428571428571,0
"2020-02-09",10116.673828,49.82,1572.666626,0,11,0.0251797201688806,-0.00500551650781889,0.00129375200002269,9656.492327,50.2328575714286,1566.057129,0.571428571428571,0
"2020-02-10",9856.611328,49.57,1574.699951,0,11,-0.0260425058702811,-0.00503069780155174,0.0012920803682297,9736.93373328571,50.1557145714286,1565.69998614286,0.142857142857143,0
"2020-02-11",10208.236328,49.939999,1565.599976,1,12,0.0350524467467075,0.0074364527951154,-0.00579562505704523,9883.68708142857,50.2028571428572,1567.87140785714,0.285714285714286,2.39789527279837
"2020-02-12",10326.054688,51.169998,1567.400024,0,12,0.0114754050007182,0.0243311189040001,0.00114908917846623,9985.49149,50.2628568571429,1569.24283285714,0.285714285714286,-2.39789527279837
"2020-02-13",10214.379883,51.419998,1575.099976,1,13,-0.010873762672249,0.00487377921077314,0.00490053613981534,10054.7169364286,50.3299992857143,1570.67140428571,0.285714285714286,2.39789527279837
"2020-02-14",10312.116211,52.049999,1582.699951,0,13,0.00952301514840315,0.0121776129063105,0.00481347130892296,10128.4559152857,50.577142,1572.68568642857,0.285714285714286,-2.39789527279837
"2020-02-15",9889.424805,52.049999,1587.02496325,0,13,-0.0418535503737036,0,0.00272895285938102,10131.928153,50.859999,1575.02735246429,0.285714285714286,0
"2020-02-16",9934.433594,52.049999,1591.3499755,0,13,0.00454087851442431,0,0.00272152593879138,10105.8938338571,51.1785702857143,1577.69640239286,0.285714285714286,0
"2020-02-17",9690.142578,52.049999,1595.67498775,0,13,-0.0248977234796453,0,0.00271413933364695,10082.1125838571,51.5328558571429,1580.69283621429,0.285714285714286,0
"2020-02-18",10141.996094,52.049999,1600,0,13,0.0455756925152997,0,0.00270679271656871,10072.6496932857,51.8342844285715,1585.60712535714,0.142857142857143,0
"2020-02-19",9633.386719,53.290001,1607.5,0,13,-0.0514499840419873,0.0235439392252554,0.0046765478839017,9973.69712628572,52.137142,1591.33569335714,0.142857142857143,0
"2020-02-20",9608.475586,53.779999,1616.599976,0,13,-0.00258926568777795,0.00915291717250799,0.00564498634199673,9887.13936957143,52.474285,1597.26426478571,0,0
"2020-02-21",9686.441406,53.380001,1644.599976,2,15,0.00808153197739969,-0.00746546953645932,0.0171720154898098,9797.75725457143,52.6642852857143,1606.1071255,0.285714285714286,3.04452243772342
"2020-02-22",9663.181641,52.7300006666667,1653.86665866667,0,15,-0.0024041580703571,-0.0122515965245835,0.00561879689734468,9765.43680257143,52.7614283809524,1615.65593913095,0.285714285714286,-3.04452243772342
"2020-02-23",9924.515625,52.0800003333333,1663.13334133333,0,15,0.0266850654369826,-0.0124035618846792,0.00558740233629873,9764.01994985714,52.7657142857143,1625.91070567857,0.285714285714286,0
"2020-02-24",9650.174805,51.43,1672.400024,0,15,-0.0280319921612726,-0.0125593445138983,0.00555635665581988,9758.310268,52.677143,1636.87142514286,0.285714285714286,0
"2020-02-25",9341.705078,49.900002,1646.900024,0,15,-0.0324872375842169,-0.0302006169491924,-0.0153649873800479,9643.98298,52.3700005714286,1643.57142857143,0.285714285714286,0
"2020-02-26",8820.522461,48.73,1640,0,15,-0.0574076879050214,-0.023726185982218,-0.00419850563475244,9527.85951457143,51.7185718571429,1648.21428571429,0.285714285714286,0
"2020-02-27",8784.494141,47.09,1640,1,16,-0.00409296635284662,-0.0342341925999512,0,9410.14787957143,50.7628577142857,1651.55714628571,0.428571428571429,2.39789527279837
"2020-02-28",8672.455078,44.759998,1564.099976,0,16,-0.0128362178254378,-0.0507458254944924,-0.0473856784823354,9265.29268985714,49.5314287142857,1640.05714628571,0.142857142857143,-2.39789527279837
"2020-02-29",8599.508789,45.423332,1573.50000033333,8,24,-0.00844683595702733,0.0147110549791591,0.0059918743803955,9113.33942528571,48.4876189047619,1628.57619509524,1.28571428571429,4.39444915467244
"2020-03-01",8562.454102,46.086666,1582.90002466667,7,31,-0.00431824084643928,0.0144977736433791,0.00595618555860078,8918.75920771429,47.6314282857143,1617.11429271429,2.28571428571429,-0.131769277631123
"2020-03-02",8869.669922,46.75,1592.300049,23,54,0.0352507395531489,0.0142905883511868,0.00592091936057049,8807.25851014286,46.9628568571429,1605.67143914286,5.57142857142857,1.17973783348048
"2020-03-03",8787.786133,47.18,1642.099976,19,73,-0.00927476480451261,0.00915581824483302,0.0307963532468847,8728.12723228571,46.5742851428572,1604.985718,8.28571428571429,-0.190144282475163
"2020-03-04",8755.246094,46.779999,1641.099976,33,106,-0.00370974366317789,-0.00851433420015324,-0.000609161821115478,8718.802037,46.2957135714286,1605.14285742857,13,0.549844947330433
"2020-03-05",9078.762695,45.900002,1666.400024,77,183,0.0362848419484454,-0.0189905791398925,0.0152988912878218,8760.84040185714,46.1257138571429,1608.91428942857,23.8571428571429,0.845569998186266
"2020-03-06",9122.545898,41.279999,1670.800049,53,236,0.00481100435453818,-0.106087063690983,0.00263695760122218,8825.13909042857,45.6285711428571,1624.157157,31.4285714285714,-0.37292635232139
"2020-03-07",8909.954102,37.8966656666667,1672.033366,166,402,-0.0235798304332899,-0.0855149658631404,0.000737887236872403,8869.48842085714,44.5533330952381,1638.23335209524,54,1.14041308837136
"2020-03-08",8108.116211,34.5133323333333,1673.266683,116,518,-0.0943035288106202,-0.0935174372540244,0.000737343160739812,8804.58300785714,42.8999997142857,1651.14287471429,69.5714285714286,-0.358138127915403
"2020-03-09",7923.644531,31.129999,1674.5,75,593,-0.0230142933311051,-0.103173741501173,0.000736799886358774,8669.43652342857,40.668571,1662.88572485714,77,-0.435631329933757
"2020-03-10",7909.729492,34.360001,1659.099976,188,781,-0.00175768507233798,0.0987211738895,-0.00923934105062418,8543.99986042857,38.8371425714286,1665.31429628571,101.142857142857,0.918153177536896
"2020-03-11",7911.430176,32.98,1641.400024,365,1146,0.000214988539681826,-0.0409918090882102,-0.0107257213663594,8423.45472928571,36.8657141428571,1665.35716028571,148.571428571429,0.663197552354606
"2020-03-12",4970.788086,31.5,1589.300049,439,1585,-0.46473017535485,-0.0459137712998654,-0.0322558522833187,7836.60121371428,34.808571,1654.34287814286,200.285714285714,0.184555888906081
"2020-03-13",5563.707031,31.73,1515.699951,633,2218,0.112686222140038,0.00727505976351717,-0.0474163524246434,7328.19566128571,33.4442854285714,1632.18572128571,283.142857142857,0.365901209982409
"2020-03-14",5200.366211,30.7200003333333,1505.766642,759,2977,-0.0675355699896194,-0.0323486864649385,-0.00657518094704113,6798.254534,32.4190475238095,1608.43333214286,367.857142857143,0.181505133472641
"2020-03-15",5392.314941,29.7100006666667,1495.833333,234,3211,0.0362457325434882,-0.033430207216516,-0.00661870025668865,6410.282924,31.7328572857143,1583.08571071429,384.714285714286,-1.17638514652586
"2020-03-16",5014.47998,28.700001,1485.900024,1467,4678,-0.072645057727259,-0.0345865543048696,-0.00666279949145476,5994.68798814285,31.3857147142857,1556.142857,583.571428571429,1.83529456764873
"2020-03-17",5225.629395,26.950001,1524.900024,1833,6511,0.0412455258533715,-0.0629138231480235,0.0259081844455746,5611.24511714285,30.3271432857143,1536.97143528571,818.571428571429,0.222720859579721
"2020-03-18",5238.438477,20.370001,1477.300049,2657,9168,0.0024482043798848,-0.279920055130242,-0.0317127193635232,5229.38916014285,28.5257148571429,1513.52858171429,1146,0.371226779758328
"2020-03-19",6191.192871,25.219999,1478.599976,4494,13662,0.167104324150953,0.213574011555187,0.000879547395248537,5403.73270085714,27.6285718571429,1497.71428557143,1725.28571428571,0.525530122905469
"2020-03-20",6198.77832,22.43,1484,6367,20029,0.00122444997341731,-0.117237942353585,0.00364546683589673,5494.45717071428,26.3000004285714,1493.18572114286,2544.42857142857,0.348378681488551
"2020-03-21",6185.066406,22.7400003333333,1511.66666666667,5995,26024,-0.00221448506613697,0.0137261544487308,0.0184716501538018,5635.12862714285,25.1600004285714,1494.02858180952,3292.42857142857,-0.0602016379880315
"2020-03-22",5830.254883,23.0500006666667,1539.33333333333,8873,34897,-0.0590770237899498,0.0135402953844412,0.0181366273652035,5697.691476,24.2085718571429,1500.24286757143,4526.57142857143,0.39208175902758
"2020-03-23",6416.314941,23.360001,1567,11238,46135,0.0957832375559882,0.0133594024029553,0.0178135411096898,5897.95361328571,23.4457147142857,1511.82857842857,5922.42857142857,0.236285563095832
"2020-03-24",6734.803711,24.01,1660.199951,10619,56754,0.0484447086462367,0.0274452094649176,0.0577750841503972,6113.54994414285,23.0257145714286,1531.15713942857,7177.57142857143,-0.0566555245709548
"2020-03-25",6681.062988,24.49,1632.300049,12082,68836,-0.00801155999109682,0.0197944607309144,-0.0169479543274376,6319.63916,23.6142858571429,1553.29999657143,8524,0.129070751997711
"2020-03-26",6716.44043,22.6,1650.099976,17856,86692,0.00528121145003979,-0.0803149646858361,0.0108457843952054,6394.67452557143,23.2400002857143,1577.79999657143,10432.8571428571,0.390620168083975
"2020-03-27",6469.79834,21.51,1623.900024,18690,105382,-0.0374133767216875,-0.0494319629986015,-0.0160051993239092,6433.39167128571,23.1085717142857,1597.78571428571,12193.2857142857,0.0456487853663052
"2020-03-28",6242.193848,21.0366666666667,1623.26668266667,19630,125012,-0.0358132407598717,-0.0222509963516,-0.000390088590194182,6441.55273442857,22.8652383333333,1613.72857371429,14141.1428571429,0.0490701306109518
"2020-03-29",5922.042969,20.5633333333333,1622.63334133333,18899,143911,-0.0526502133185183,-0.0227573923746012,-0.000390240818687104,6454.66531814286,22.5100001428571,1625.62857485714,15573.4285714286,-0.0379498006347436
"2020-03-30",6429.841797,20.09,1622,22075,165986,0.0822684485800114,-0.0232873757265946,-0.000390393166036951,6456.59772614286,22.0428571428571,1633.48571771429,17121.5714285714,0.155335974606933
"2020-03-31",6438.644531,20.48,1583.400024,26314,192300,0.00136810735134674,0.0192266213444641,-0.0240855067807688,6414.28927185714,21.5385714285714,1622.51429957143,19363.7142857143,0.175654640703755
"2020-04-01",6606.776367,20.309999,1578.199951,32259,224559,0.0257778031761244,-0.0083354738158441,-0.00328952285568462,6403.67689742857,20.9414284285714,1614.78571414286,22246.1428571429,0.203695256786954
"2020-04-02",6793.624512,25.32,1625.699951,32232,256791,0.0278887560357397,0.220481270920513,0.02965353606041,6414.70319485714,21.3299998571428,1611.29999628571,24299.8571428571,-0.000837323590737071
"2020-04-03",6733.387207,28.34,1633.699951,32295,289086,-0.00890628387538861,0.112679636986559,0.00490888893988028,6452.35874728571,22.3057141428571,1612.69998585714,26243.4285714286,0.00195266554314166
"2020-04-04",6867.527344,27.5866666666667,1648.13330066667,32390,321476,0.0197258038854322,-0.0269416700533016,0.00879596348595957,6541.69210385714,23.2414284285714,1616.25235985714,28066.2857142857,0.00293730461691588
"2020-04-05",6791.129395,26.8333333333333,1662.56665033333,29877,351353,-0.0111868607870846,-0.0276876684528244,0.00871926862731964,6665.84730757143,24.1371427142857,1621.95711828571,29634.5714285714,-0.0807605198828423
"2020-04-06",7271.78125,26.08,1677,31393,382746,0.0683840154446251,-0.0284761586979561,0.00864389967073453,6786.12437228571,24.992857,1629.81426114286,30965.7142857143,0.0494958228754836
"2020-04-07",7176.414551,23.629999,1664.800049,30769,413515,-0.0132013831102764,-0.0986516881787223,-0.00730145731082033,6891.52008942857,25.4428568571429,1641.44283614286,31602.1428571429,-0.0200771839063449
"2020-04-08",7334.098633,25.09,1665.400024,31215,444730,0.021734626111293,0.0599523114986011,0.000360323700282272,6995.42327028571,26.1257141428571,1653.89998942857,31453,0.014391012459182
"2020-04-09",7302.089355,22.76,1736.199951,35936,480666,-0.00437399807372074,-0.0974647511202007,0.0416334395224816,7068.061105,25.7599998571429,1669.68570371429,31982.1428571429,0.140840409180409
"2020-04-10",6865.493164,22.6725,1738.3499755,34414,515080,-0.0616526461408924,-0.00385187291854461,0.00123758461953205,7086.93338457143,24.950357,1684.63570721429,32284.8571428571,-0.0432759971561065
"2020-04-11",6859.083008,22.585,1740.5,29102,544182,-0.000934113576372297,-0.00386676723301838,0.00123605489680934,7085.72705085714,24.2358331904762,1697.83094997619,31815.1428571429,-0.167656027598763
"2020-04-12",6971.091797,22.4975,1742.6500245,27257,571439,0.0161980943299032,-0.00388177718060057,0.00123452895105913,7111.43596542857,23.6164284285714,1709.271432,31440.8571428571,-0.0654962988915422
"2020-04-13",6845.037598,22.41,1744.800049,26940,598379,-0.0182479033357801,-0.00389690411313115,0.00123300676831395,7050.47258657143,23.0921427142857,1718.95715328571,30804.7142857143,-0.0116981547027777
"2020-04-14",6842.427734,20.110001,1756.699951,28825,627204,-0.000381350961383475,-0.108290034301772,0.00679705715526069,7002.76018414286,22.5892858571428,1732.08571071429,30527,0.0676306524320438
"2020-04-15",6642.109863,19.870001,1727.199951,25406,652610,-0.0297129370642217,-0.0120061466202133,-0.0169354492951461,6903.90464557143,21.8435717142857,1740.91427171429,29697.1428571429,-0.126257232688245
"2020-04-16",7116.804199,19.870001,1720.400024,30015,682625,0.0690291127380416,0,-0.00394473597115663,6877.43533757143,21.4307147142857,1738.65713928571,28851.2857142857,0.166711285694142
"2020-04-17",7187.234619,18.27,1689.199951,33030,715655,0.00984770666169332,-0.0839507365009351,-0.0183018208078511,6923.39840257143,20.8017861428571,1731.63570721429,28653.5714285714,0.0957186785830704
"2020-04-18",7257.665039,-0.363333666666666,1693.33329266667,27932,743587,0.00975167426555679,NA,0.0024439338366955,6980.33869271428,17.5234527619048,1724.89760616667,28486.4285714286,-0.16764270184829
"2020-04-19",7189.424805,-18.9966673333333,1697.46663433333,26096,769683,-0.00944698790520704,NA,0.00243797558271819,7011.52912242857,11.5957145714286,1718.44283614286,28320.5714285714,-0.0679906872243148
"2020-04-20",6881.958496,-37.630001,1701.599976,29828,799511,-0.0437078926761458,NA,0.00243204631026739,7016.80353642857,3.01857157142856,1712.27139714286,28733.1428571429,0.133665024354354
"2020-04-21",6880.323242,10.01,1678.199951,25917,825428,-0.000237642861675269,NA,-0.0138472095436368,7022.21718042857,1.57571428571428,1701.05711142857,28317.7142857143,-0.140547919721888
"2020-04-22",7117.20752,13.78,1728.699951,28859,854287,0.0338498125548465,0.319633672258383,0.0296478913457232,7090.08827428571,0.705714142857132,1701.27139714286,28811,0.107522385319589
"2020-04-23",7429.724609,16.5,1733.300049,33570,887857,0.0429733470599256,0.180142115321023,0.00265748163329693,7134.79119,0.224285428571418,1703.11425785714,29318.8571428571,0.151210422009395
"2020-04-24",7550.900879,16.940001,1723.5,32327,920184,0.0161780845593142,0.0263173673492489,-0.005670027260118,7186.74351285714,0.0342855714285609,1708.01426485714,29218.4285714286,-0.037729902092682
"2020-04-25",7569.936035,15.553334,1719.63334133333,30396,950580,0.00251773974729197,-0.0854027274673443,-0.0022460125175634,7231.35365514286,2.30809523809523,1711.77141466667,29570.4285714286,-0.061591577036296
"2020-04-26",7679.867188,14.166667,1715.76668266667,26501,977081,0.0144176361690764,-0.0933832099967664,-0.00225106844760425,7301.41685271428,7.04571442857142,1714.38570728571,29628.2857142857,-0.137128069144048
"2020-04-27",7795.601074,12.78,1711.900024,23703,1000784,0.014957355954861,-0.103010361842284,-0.00225614719150968,7431.937221,14.2471431428571,1715.85714271429,28753.2857142857,-0.111580400289592
"2020-04-28",7807.058594,12.34,1710.5,24577,1025361,0.00146866268998558,-0.035035430472147,-0.000818153382583731,7564.32798557143,14.5800002857143,1720.47143542857,28561.8571428571,0.0362092738031308
"2020-04-29",8801.038086,15.06,1703.400024,26438,1051799,0.119841406419368,0.199196203894506,-0.00415945762121073,7804.87520928571,14.7628574285714,1716.85716014286,28216,0.0729910365062452
"2020-04-30",8658.553711,18.84,1684.199951,29220,1081019,-0.0163219781858075,0.22394004677647,-0.0113356232944888,7980.42222385714,15.0971431428571,1709.84286042857,27594.5714285714,0.100050677045751
"2020-05-01",8864.766602,19.780001,1694.5,34926,1115945,0.0235369104887049,0.0486891076024647,0.00609706754514594,8168.11732714286,15.5028574285714,1705.70000328571,27965.8571428571,0.178377572079846
"2020-05-02",8988.59668,19.9833336666667,1698.63334133333,27350,1143295,0.0138721272644471,0.0102272327352986,0.00243629882000551,8370.78313357143,16.1357145238095,1702.70000328571,27530.7142857143,-0.24451421554159
"2020-05-03",8897.46875,20.1866663333333,1702.76668266667,24297,1167592,-0.0101899122389355,0.0101236944625533,0.00243037769078303,8544.72621385714,16.9957144285714,1700.84286042857,27215.8571428571,-0.118363183507491
"2020-05-04",8912.654297,20.389999,1706.900024,24085,1191677,0.00170527184341474,0.01002223159418,0.00242448527297068,8704.30524571428,18.0828571428571,1700.12857471429,27270.4285714286,-0.00876360962557854
"2020-05-05",9003.070313,24.559999,1704.400024,24531,1216208,0.0100935670311575,0.186074527019615,-0.00146571712390653,8875.16406271428,19.8285712857143,1699.25714957143,27263.8571428571,0.018348308278938
"2020-05-06",9268.761719,23.99,1684.199951,24560,1240768,0.0290841262112593,-0.0234819857107254,-0.0119225122049986,8941.98172457143,21.1042855714286,1696.514282,26995.5714285714,0.00118147461758511
"2020-05-07",9951.518555,23.549999,1721.800049,27411,1268179,0.0710753668590929,-0.0185112988520224,0.0220796391804843,9126.690988,21.7771425714286,1701.88572457143,26737.1428571429,0.109824865916492
"2020-05-08",9842.666016,24.74,1709.900024,26839,1295018,-0.0109985471655936,0.0492955889647613,-0.00693538039198849,9266.39090428571,22.4857138571428,1704.085728,25581.8571428571,-0.0210882613488419
"2020-05-09",9593.896484,24.5399996666667,1705.03336566667,25136,1320154,-0.0255994975913811,-0.0081169412648423,-0.00285022345835184,9352.86230485714,23.1366661428571,1705.00001719048,25265.5714285714,-0.0655547196364541
"2020-05-10",8756.430664,24.3399993333333,1700.16670733333,18867,1339021,-0.0913387498943958,-0.00818336552987509,-0.00285837045841664,9332.71400685714,23.7299994285714,1704.62859214286,24489.8571428571,-0.286885395387944
"2020-05-11",8601.795898,24.139999,1695.300049,19271,1358292,-0.0178173566597426,-0.00825088592526058,-0.00286656416634123,9288.30566414285,24.2657137142857,1702.97145285714,23802.1428571429,0.0211868998714877
"2020-05-12",8804.477539,25.780001,1704.400024,22948,1381240,0.0232893965262875,0.065728862056436,0.00535341149961255,9259.93526785714,24.4399997142857,1702.97145285714,23576,0.17462858006173
"2020-05-13",9269.987305,25.290001,1713.900024,20408,1401648,0.0515216067718054,-0.0191899360776064,0.00555833269471862,9260.11035157142,24.6257141428571,1707.21432042857,22982.8571428571,-0.117303263541654
"2020-05-14",9733.72168,27.559999,1738.099976,26818,1428466,0.0488143083349204,0.0859563096377935,0.0140210593595755,9228.99651228571,25.1985712857143,1709.54288142857,22898.1428571429,0.273145151822632
"2020-05-15",9328.197266,29.43,1753.400024,24747,1453213,-0.0425545413285349,0.0656491523843941,0.00876422508092478,9155.50097657142,25.8685712857143,1715.75716714286,22599.2857142857,-0.0803687222569529
"2020-05-16",9377.013672,30.2266666666667,1746.20003233333,24159,1477372,0.00521956336024587,0.0267099747258372,-0.00411475694907271,9124.51771771428,26.6809522857143,1721.63811952381,22459.7142857143,-0.0240471897152599
"2020-05-17",9670.739258,31.0233333333333,1739.00004066667,18363,1495735,0.0308434146750418,0.0260150725582911,-0.00413175815373457,9255.13323114285,27.6357142857143,1727.18573857143,22387.7142857143,-0.274317904461643
"2020-05-18",9726.575195,31.82,1731.800049,22390,1518125,0.00575709502000699,0.0253554133801313,-0.00414890043140925,9415.81598785714,28.7328572857143,1732.40002428571,22833.2857142857,0.198275680624796
"2020-05-19",9729.038086,32.5,1744.199951,21007,1539132,0.000253180506581074,0.0211450664260511,0.00713461139181515,9547.896066,29.6928571428571,1738.08572814286,22556,-0.0637584210600757
"2020-05-20",9522.981445,33.490002,1750.599976,22697,1561829,-0.0214070539042819,0.0300068571897385,0.00366260288897635,9584.038086,30.8642858571428,1743.32857842857,22883,0.077376687202042
"2020-05-21",9081.761719,33.919998,1720.5,25766,1587595,-0.0474397810597083,0.012757805436006,-0.0173436263512174,9490.90094871428,31.7728571428571,1740.81429614286,22732.7142857143,0.126822511423155
"2020-05-22",9182.577148,33.25,1734.599976,23657,1611252,0.0110397046002504,-0.019949984859573,0.00816187917677791,9470.09807471428,32.3185714285714,1738.128575,22577,-0.0853963931453983
"2020-05-23",9209.287109,33.5249995,1727.14999425,21111,1632363,0.00290454294406217,0.00823664715163552,-0.0043041775492263,9446.13713714285,32.7897618333333,1735.4071409881,22141.5714285714,-0.113864312791662
"2020-05-24",8790.368164,33.799999,1719.7000125,20067,1652430,-0.0465558480199313,0.00816935864967494,-0.00432278360622274,9320.369838,33.1864283571428,1732.64999410714,22385,-0.0507173104104499
"2020-05-25",8906.93457,34.0749985,1712.25003075,18673,1671103,0.0131735432809723,0.00810316065887839,-0.00434155122202284,9203.27832014285,33.508571,1729.85713435714,21854,-0.0719976725494149
"2020-05-26",8835.052734,34.349998,1704.800049,19650,1690753,-0.00810306400057925,0.00803802688214139,-0.0043604825100596,9075.56612699999,33.7728564285714,1724.22857692857,21660.1428571429,0.0509984418123715
"2020-05-27",9181.017578,32.810001,1710.300049,18549,1709302,0.0384109712515244,-0.045868582992671,0.00322099182880908,9026.71414599999,33.6757134285714,1718.4714445,21067.5714285714,-0.057661157004631
"2020-05-28",9525.750977,33.709999,1713.300049,22322,1731624,0.0368607148685154,0.0270611221296586,0.00175254158311411,9090.14118285714,33.6457135714286,1717.44288007143,20575.5714285714,0.185155948752589
"2020-05-29",9439.124023,35.490002,1736.900024,24473,1756097,-0.00913557895646377,0.0514565234311246,0.0136805649389835,9126.79073642857,33.9657138571429,1717.77145835714,20692.1428571429,0.0919973360594533
"2020-05-30",9700.414063,35.4733343333333,1737.20003233333,23633,1779730,0.0273053898274593,-0.000469754322002913,0.000172711395305392,9196.95172985714,34.2440474047619,1719.20717808333,21052.4285714286,-0.0349262834076729
"2020-05-31",9461.058594,35.4566666666667,1737.50004066667,18987,1798717,-0.0249842925881172,-0.00046997509483937,0.000172681571229738,9292.76464842857,34.4807142142857,1721.75003925,20898.1428571429,-0.218888470551708
"2020-06-01",10167.268555,35.439999,1737.800049,17436,1816153,0.0719893164066505,-0.000470196075287976,0.000172651757452513,9472.81236057142,34.6757142857143,1725.40004185714,20721.4285714286,-0.0852170315887957
"2020-06-02",9529.803711,36.810001,1725.199951,21502,1837655,-0.0647494748270141,0.0379284770372847,-0.00727701623049182,9572.06250014285,35.0271432857143,1728.31431357143,20986,0.209607835162306
"2020-06-03",9656.717773,37.290001,1697.800049,19855,1857510,0.0132296949390316,0.0129556464501097,-0.0160096332064379,9640.01967085714,35.6671432857143,1726.52859928571,21172.5714285714,-0.0796897036971238
"2020-06-04",9800.636719,37.41,1718.900024,21639,1879149,0.0147935394564662,0.00321282735248474,0.0123512411317828,9679.28906257142,36.1957148571428,1727.32859571429,21075,0.0860409623793466
"2020-06-05",9665.533203,39.549999,1676.199951,25400,1904549,-0.0138810753111045,0.0556276205691577,-0.0251552678645117,9711.63323114285,36.7757144285714,1718.65715671429,21207.4285714286,0.160251247560005
"2020-06-06",9653.679688,39.0966656666667,1683.56665033333,21160,1925709,-0.00122712209387821,-0.0115284826415367,0.00438525172302562,9704.95689185714,37.2933331904762,1710.995245,20854.1428571429,-0.182635778147763
"2020-06-07",9758.852539,38.6433323333333,1690.93334966667,17916,1943625,0.0108356683004356,-0.0116629401511603,0.0043661052220294,9747.498884,37.7485711428571,1704.34286057143,20701.1428571429,-0.166417582944339
"2020-06-08",9771.489258,38.189999,1698.300049,17637,1961262,0.00129406037997626,-0.0118005710839562,0.0043471251860332,9690.95898442857,38.1414282857143,1698.70000342857,20729.8571428571,-0.0156951119618505
"2020-06-09",9795.700195,38.939999,1714.699951,18384,1979646,0.00247464761493355,0.0194482992109597,0.00961033004527323,9728.94419642857,38.4457137142857,1697.20000342857,20284.4285714286,0.0414815226335623
"2020-06-10",9870.094727,39.599998,1713.300049,21110,2000756,0.00756591708353227,0.016807093491864,-0.000816745669673935,9759.42661842857,38.7757132857143,1699.41428914286,20463.7142857143,0.138265438336211
"2020-06-11",9321.78125,36.34,1732,23133,2023889,-0.0571557191856087,-0.0859100047873578,0.0108554461836761,9691.01869428571,38.6228561428571,1701.28571428571,20677.1428571429,0.0915128933980132
"2020-06-12",9480.84375,36.259998,1729.300049,24866,2048755,0.016919583790143,-0.00220391279851961,-0.00156007945533965,9664.63448671428,38.152856,1708.87144257143,20600.8571428571,0.0722409377397479
"2020-06-13",9475.277344,36.546665,1726.300049,25208,2073963,-0.000587293796277422,0.00787478699317479,-0.00173631246013173,9639.14843757142,37.7885701904762,1714.97621380952,21179.1428571429,0.0136599413635139
"2020-06-14",9386.788086,36.833332,1723.300049,18948,2092911,-0.00938284383829568,0.00781325892792184,-0.00173933248555969,9585.99637285714,37.5299987142857,1719.600028,21326.5714285714,-0.285461708792274
"2020-06-15",9450.702148,37.119999,1720.300049,19819,2112730,0.00678586228473499,0.00775268488774206,-0.00174236303495245,9540.16964285714,37.3771415714285,1722.74288514286,21638.2857142857,0.0449424565432981
"2020-06-16",9538.024414,38.380001,1729.599976,23670,2136400,0.00919733940776624,0.0333806356564463,0.00539143132250608,9503.358817,37.2971418571428,1724.87146014286,22393.4285714286,0.177566529081311
"2020-06-17",9480.254883,37.959999,1729.199951,27064,2163464,-0.00607517723096507,-0.0110035692365833,-0.000231308552229414,9447.66741071428,37.0628562857142,1727.14287471429,23244,0.13399547814285
"2020-06-18",9411.84082,38.84,1724.800049,28526,2191990,-0.00724264402799335,0.0229176960249169,-0.00254771533290477,9460.53306357142,37.4199991428571,1726.11431028571,24014.4285714286,0.052611331252054
"2020-06-19",9288.018555,39.75,1745.900024,31562,2223552,-0.0132433161372969,0.0231591976772165,0.0121590656134511,9432.98660714285,37.9185708571428,1728.48573528571,24971,0.101137576018996
"2020-06-20",9332.34082,39.9866663333333,1749.49999966667,32270,2255822,0.00476063300562046,0.00593621577624592,0.00205983687999201,9412.56710371428,38.4099996190476,1731.80001395238,25979.8571428571,0.0221840712245491
"2020-06-21",9303.629883,40.2233326666667,1753.09997533333,25148,2280970,-0.00308124113015751,0.00590118496668524,0.00205560267230265,9400.68736042857,38.8942854285714,1736.05714628571,26865.5714285714,-0.249358757940225
"2020-06-22",9648.717773,40.459999,1756.699951,32152,2313122,0.0364203992501348,0.0058665651805585,0.00205138583661313,9428.97530685714,39.3714282857143,1741.25713228571,28627.4285714286,0.245695420396219
"2020-06-23",9629.658203,40.369999,1772.099976,37075,2350197,-0.00197730101679916,-0.00222689692985067,0.0087282493119174,9442.06584814285,39.6557137142857,1747.32856085714,30542.4285714286,0.142467817887205
"2020-06-24",9313.610352,38.009998,1765.800049,35876,2386073,-0.0333709232138251,-0.0602376797105557,-0.00356139722110171,9418.25948657142,39.6628564285714,1752.55714628571,31801.2857142857,-0.0328742496250722
"2020-06-25",9264.813477,38.720001,1762.099976,40317,2426390,-0.00525308149507353,0.0185070578513984,-0.00209760726237107,9397.25558042857,39.6457137142857,1757.88570728571,33485.7142857143,0.11670436094262
"2020-06-26",9162.917969,38.490002,1772.5,45994,2472384,-0.0110590440068403,-0.00595776897762068,0.00588471345171016,9379.38406814285,39.465714,1761.68570385714,35547.4285714286,0.131737430820161
"2020-06-27",9045.390625,38.893335,1773.266683,41346,2513730,-0.0129093787673789,0.0104243799264538,0.000432449780536359,9338.39118314285,39.3095238095238,1765.08094433333,36844,-0.10653502717955
"2020-06-28",9143.582031,39.296668,1774.033366,40730,2554460,0.010796911043828,0.0103168323822049,0.000432262848559795,9315.52720428571,39.1771431428571,1768.07142871429,39070,-0.0150107233638117
"2020-06-29",9190.854492,39.700001,1774.800049,41283,2595743,0.0051566968741632,0.0102114813162006,0.000432076078119792,9250.11816414285,39.068572,1770.657157,40374.4285714286,0.0134858384028611
"2020-06-30",9137.993164,39.27,1793,46430,2642173,-0.00576811762040563,-0.0108903442921426,0.0102024264916345,9179.88030142857,38.9114292857142,1773.64287471429,41710.8571428571,0.117494740556493
"2020-07-01",9228.325195,39.82,1773.199951,51819,2693992,0.00983678466505467,0.0139084300461318,-0.0111043983678911,9167.69670757142,39.170001,1774.70000357143,43988.4285714286,0.109810851362091
"2020-07-02",9123.410156,40.650002,1784,56629,2750621,-0.0114339249115503,0.0206295865582602,0.00607223790271316,9147.49623314285,39.4457154285714,1777.82857842857,46318.7142857143,0.0887641801915269
"2020-07-03",9087.303711,40.64500175,1785.125,51361,2801982,-0.0039654120729864,-0.000123014940049515,0.0006304066331424,9136.69419628571,39.7535725357142,1779.63214985714,47085.4285714286,-0.0976419107651729
"2020-07-04",9132.488281,40.6400015,1786.25,45681,2847663,0.0049599537308076,-0.000123030074586694,0.000630009470979687,9149.13671857142,40.0030963214285,1781.48690942857,47704.7142857143,-0.117196430979597
"2020-07-05",9073.942383,40.63500125,1787.375,50768,2898431,-0.00643136492599794,-0.000123045212848005,0.000629612808934255,9139.18819742857,40.1942867857142,1783.39285714286,49138.7142857143,0.105583558965378
"2020-07-06",9375.474609,40.630001,1788.5,43085,2941516,0.0326903639938667,-0.000123060354835669,0.000629216646061082,9165.56249985714,40.3271439285714,1785.349993,49396.1428571429,-0.1640909749012
"2020-07-07",9252.277344,40.619999,1804.199951,60654,3002170,-0.0132274749614751,-0.000246203078166918,0.00873997336461407,9181.88881128571,40.5200009285714,1786.949986,51428.1428571429,0.342010004412076
"2020-07-08",9428.333008,40.900002,1815.5,60119,3062289,0.0188495850474872,0.00686958041468655,0.00624365879070421,9210.461356,40.6742869285714,1792.99285014286,52613.8571428571,-0.00885963938165624
"2020-07-09",9277.967773,39.619999,1799.199951,62496,3124785,-0.0160767727832312,-0.0317960959178838,-0.00901881744361166,9232.54101557142,40.5271436428571,1795.16427171429,53452,0.0387765600825531
"2020-07-10",9278.807617,40.549999,1798.199951,68055,3192840,9.05161573516722e-05,0.0232017398698825,-0.000555957109578564,9259.89871642857,40.5135718214285,1797.03212185714,55836.8571428571,0.0852135163873129
"2020-07-11",9240.34668,40.3999986666667,1802.466634,60033,3252873,-0.00415364456493172,-0.00370600393670539,0.00236994172956972,9275.30705914285,40.4792857023809,1799.34878385714,57887.1428571429,-0.125421594406054
"2020-07-12",9276.5,40.2499983333333,1806.733317,58438,3311311,0.0039049160545197,-0.0037197895070995,0.00236433838275651,9304.24386157142,40.4242852857142,1802.11425771429,58982.8571428571,-0.0269280024007763
"2020-07-13",9243.614258,40.099998,1811,58896,3370207,-0.00355135784857019,-0.00373367801949342,0.00235876146988634,9285.40666857142,40.3485705714285,1805.32854342857,61241.5714285714,0.00780680016752378
"2020-07-14",9243.213867,40.290001,1810.599976,68036,3438243,-4.33163544730775e-05,0.00472703958609966,-0.000220910097347371,9284.11188614285,40.3014279999999,1806.24283271429,62296.1428571429,0.144263572117465
"2020-07-15",9192.836914,41.200001,1811.400024,68120,3506363,-0.0054650617946308,0.022334956604015,0.000441771404203095,9250.469587,40.3442849999999,1805.65712185714,63439.1428571429,0.00123387713019696
"2020-07-16",9132.227539,40.75,1798.699951,75820,3582183,-0.00661493946332037,-0.0109824409404538,-0.0070358856982411,9229.64955357142,40.5057137142857,1805.58569328571,65342.5714285714,0.107091105209472
"2020-07-17",9151.392578,40.59,1808.300049,72261,3654444,0.00209641700018892,-0.00393410883606515,0.00532304999617939,9211.44740514285,40.5114281428571,1807.02856442857,65943.4285714286,-0.0480774805903739
"2020-07-18",9159.040039,40.6633336666667,1810.833374,62535,3716979,0.000835311934418215,0.00180506283912329,0.00139996243169982,9199.83217071428,40.5490474285714,1808.223813,66300.8571428571,-0.144557949306067
"2020-07-19",9185.817383,40.7366673333333,1813.366699,60476,3777455,0.0029193318216123,0.00180181045714267,0.00139800527651346,9186.87751114285,40.6185715714285,1809.171439,66592,-0.0334797534389892
"2020-07-20",9164.231445,40.810001,1815.900024,62090,3839545,-0.0023526856150724,0.0017985697744396,0.00139605358591766,9175.53710928571,40.7200005714285,1809.87144242857,67048.2857142857,0.02633831027571
"2020-07-21",9374.887695,41.959999,1842.400024,64520,3904065,0.022726572419776,0.0277895857743631,0.0144878567506241,9194.34765614285,40.9585717142857,1814.41430642857,66546,0.038390247221999
"2020-07-22",9525.363281,41.900002,1864.099976,70564,3974629,0.0159234674382738,-0.00143088503508704,0.011709267467392,9241.85142285714,41.0585718571428,1821.942871,66895.1428571429,0.0895447134235656
"2020-07-23",9581.072266,41.07,1889.099976,68440,4043069,0.00583145325376222,-0.0200079466923206,0.0133221624579898,9305.97209814285,41.1042861428571,1834.85716028571,65840.8571428571,-0.0305626064296121
"2020-07-24",9536.892578,41.290001,1897.300049,73323,4116392,-0.00462180645318178,0.00534243614847041,0.00433133623791804,9361.04352671428,41.2042862857142,1847.571446,65992.5714285714,0.0689167923355676
"2020-07-25",9677.113281,41.3933333333333,1908.533366,64915,4181307,0.0145959352173133,0.00249947315169941,0.0059032271761259,9435.05398985714,41.3085719523809,1861.52858771429,66332.5714285714,-0.121795440205297
"2020-07-26",9905.166992,41.4966656666667,1919.766683,54775,4236082,0.0232928973314639,0.00249324135862627,0.00586858349454111,9537.81821971428,41.4171431428571,1876.72858542857,65518.1428571429,-0.169844551156785
"2020-07-27",10990.873047,41.599998,1931,56851,4292933,0.104008666015364,0.00248704056302973,0.00583434406158556,9798.76702,41.5299998571428,1893.17143914286,64769.7142857143,0.037199858043568
"2020-07-28",10912.823242,41.040001,1944.699951,66457,4359390,-0.00712666340067614,-0.0135528939613079,0.00706969488563303,10018.4720981429,41.3985715714285,1907.78571442857,65046.4285714286,0.156121057531248
"2020-07-29",11100.467773,41.27,1953.5,71853,4431243,0.0170487071550216,0.00558861853550541,0.00451493718097762,10243.4870255714,41.3085712857142,1920.55714642857,65230.5714285714,0.0780671303311209
"2020-07-30",11111.213867,39.919998,1942.300049,67457,4498700,0.000967607497045719,-0.0332584424214293,-0.00574977242921548,10462.0786828571,41.1442852857142,1928.15715685714,65090.1428571429,-0.0631319167643056
"2020-07-31",11323.466797,40.27,1962.800049,68719,4567419,0.0189224234016407,0.00872937352030156,0.0104991871141751,10717.3035712857,40.9985708571428,1937.51429971429,64432.4285714286,0.018535340694374
"2020-08-01",11759.592773,40.516666,1963.86669933333,56184,4623603,0.0377920336839033,0.00610662077652568,0.000543285401044535,11014.8006415714,40.8733326666666,1945.41906161905,63185.1428571429,-0.201393382244968
"2020-08-02",11053.614258,40.763332,1964.93334966667,45545,4669148,-0.0619118570686581,0.00606955618414551,0.000542990402279564,11178.8645367143,40.7685707142857,1951.87144257143,61866.5714285714,-0.209930754896231
"2020-08-03",11246.348633,41.009998,1966,45529,4714677,0.0172860533559476,0.00603293881133959,0.000542695723702913,11215.361049,40.6842849999999,1956.87144257143,60249.1428571429,-0.000351361860211341
"2020-08-04",11205.892578,41.700001,2001.199951,58801,4773478,-0.00360374702937882,0.0166852621501969,0.0177459544216294,11257.228097,40.7785707142857,1964.94287114286,59155.4285714286,0.255808880247745
"2020-08-05",11747.022461,42.189999,2031.099976,54457,4827935,0.0471600379200101,0.0116820496483774,0.0148305302524419,11349.5930524286,40.9099991428571,1976.028582,56670.2857142857,-0.0767473264766245
"2020-08-06",11779.773438,41.950001,2051.5,59357,4887292,0.00278414436851193,-0.00570474568283075,0.00999372650105812,11445.1015625714,41.1999995714285,1991.628575,55513.1428571429,0.0861585074823008
"2020-08-07",11601.472656,41.220001,2010.099976,59297,4946589,-0.0152519021131834,-0.0175548570287365,-0.0203867727625955,11484.8166852857,41.3357139999999,1998.38570742857,54167.1428571429,-0.00101134228900612
"2020-08-08",11754.045898,41.4600003333333,2014.86665866667,54119,5000708,0.0130654699083763,0.00580551532513063,0.00236855871254349,11484.0242745714,41.470476047619,2005.67141590476,53872.1428571429,-0.0913732274767014
"2020-08-09",11675.739258,41.6999996666667,2019.63334133333,45754,5046462,-0.00668439177288782,0.00577200576363923,0.00236296189594754,11572.8992745714,41.6042857142857,2013.48570042857,53902,-0.167905768260098
"2020-08-10",11878.111328,41.939999,2024.400024,47624,5094086,0.0171842008780079,0.00573888081903684,0.00235739146715108,11663.1510881429,41.7371429999999,2021.828561,54201.2857142857,0.0400575304380446
"2020-08-11",11410.525391,41.610001,1932.599976,48001,5142087,-0.0401611128193995,-0.0078994546026534,-0.0464071380485835,11692.3843471429,41.7242858571428,2012.02856457143,52658.4285714286,0.00788499168146828
"2020-08-12",11584.93457,42.669998,1934.900024,56049,5198136,0.0151693006959324,0.0251555033010353,0.00118942379892051,11669.2289341429,41.7928571428571,1998.28571428571,52885.8571428571,0.155004164985396
"2020-08-13",11784.137695,42.240002,1956.699951,51314,5249450,0.017048853955874,-0.0101283635820799,0.0112036977962653,11669.8523994286,41.8342858571428,1984.74285014286,51736.8571428571,-0.0882625240848629
"2020-08-14",11768.871094,42.009998,1937,65340,5314790,-0.00129636118041709,-0.00546004917291221,-0.0101189713348946,11693.766462,41.9471425714285,1974.29999642857,52600.1428571429,0.24164036841532
"2020-08-15",11865.698242,42.3033316666667,1953,46921,5361711,0.00819373421608027,0.0069582081823869,0.00822626746968336,11709.7167968571,42.0676184761904,1965.46190233333,51571.8571428571,-0.331138468957091
"2020-08-16",11892.803711,42.5966653333333,1969,39192,5400903,0.00228174998690989,0.00691012589518358,0.00815914776244675,11740.7260044286,42.1957135714285,1958.22856785714,50634.4285714286,-0.179992271796587
"2020-08-17",12254.402344,42.889999,1985,36676,5437579,0.0299517604250283,0.0068627035621831,0.00809311448216476,11794.4818638571,42.3314278571428,1952.599993,49070.4285714286,-0.0663498791115238
"2020-08-18",11991.233398,42.889999,1999.400024,45034,5482613,-0.0217094148118839,0,0.00722823341539058,11877.4401505714,42.5142847142857,1962.142857,48646.5714285714,0.205294663816854
"2020-08-19",11758.283203,42.93,1958.699951,47359,5529972,-0.0196178869655128,0.000932207023138343,-0.0205661846925764,11902.204241,42.5514278571428,1965.54284657143,47405.1428571429,0.0503390064373246
"2020-08-20",11878.37207,42.580002,1933.800049,44040,5574012,0.010161327726081,-0.00818617580072845,-0.012793958455946,11915.6662945714,42.5999992857142,1962.271432,46366,-0.072658404501869
"2020-08-21",11592.489258,42.34,1934.599976,48829,5622841,-0.0243618627506414,-0.00565244072902171,0.00041356995462305,11890.4688894286,42.6471424285714,1961.92857142857,44007.2857142857,0.103225864096537
"2020-08-22",11681.825195,42.433333,1932.29996766667,43045,5665886,0.00767682123746738,0.00220194333307244,-0.00118958785490886,11864.2013112857,42.665714047619,1958.97142395238,43453.5714285714,-0.126078043354061
"2020-08-23",11664.847656,42.526666,1929.99995933333,34232,5700118,-0.00145438642165274,0.00219710542946938,-0.00119100465975297,11831.6361605714,42.6557141428571,1953.39998957143,42745,-0.22908460290388
"2020-08-24",11774.595703,42.619999,1927.699951,36522,5736640,0.00936445864605062,0.00219228873804722,-0.0011924248434676,11763.0923547143,42.6171427142857,1945.21426828571,42723,0.0647537564582432
"2020-08-25",11366.134766,43.349998,1911.800049,40360,5777000,-0.0353060043649229,0.0169830538831399,-0.00828232472469459,11673.7925501429,42.6828568571428,1932.69998614286,42055.2857142857,0.099924116371259
"2020-08-26",11488.363281,43.389999,1940.699951,45166,5822166,0.0106963347092108,0.000922319673025918,0.0150034752094701,11635.2325612857,42.7485709999999,1930.12855757143,41742,0.112505132264449
"2020-08-27",11323.397461,43.040001,1921.599976,45380,5867546,-0.0144634776466805,-0.00809903767574482,-0.00989054763330088,11555.9504742857,42.8142851428571,1928.38569,41933.4285714286,0.00472687751571321
"2020-08-28",11542.5,42.970001,1964.599976,46848,5914394,0.0191647185900834,-0.00162771802877559,0.022130490188415,11548.8091517143,42.9042852857142,1932.67140428571,41650.4285714286,0.0318367699362145
"2020-08-29",11506.865234,42.850001,1965.599976,42731,5957125,-0.00309204128004303,-0.0027965526779421,0.000508879972415777,11523.8148715714,42.9638092857142,1937.42854833333,41605.5714285714,-0.0919834605371435
"2020-08-30",11711.505859,42.730001,1966.599976,34381,5991506,0.017627931209244,-0.00280439532231647,0.000508621145295152,11530.4803291429,42.9928571428571,1942.65712214286,41626.8571428571,-0.217419997573272
"2020-08-31",11680.820313,42.610001,1967.599976,35388,6026894,-0.00262355811690007,-0.00281228207820527,0.000508362581331134,11517.0838448571,42.9914288571428,1948.35712571429,41464.8571428571,0.0288686106448139
"2020-09-01",11970.478516,42.759998,1968.199951,41864,6068758,0.0244952878335631,0.00351404840366909,0.000304880845456879,11603.4186662857,42.9071431428571,1956.41425457143,41679.7142857143,0.168053052320422
"2020-09-02",11414.03418,41.509998,1934.400024,41014,6109772,-0.0475998283667636,-0.0296687255003736,-0.0173221813015649,11592.8002232857,42.6385715714285,1955.514265,41086.5714285714,-0.0205127477317877
"2020-09-03",10245.296875,41.369999,1927.599976,44210,6153982,-0.108024907857061,-0.00337835758257077,-0.003521519952014,11438.7858538571,42.3999998571428,1956.37140785714,40919.4285714286,0.0750373597448402
"2020-09-04",10511.813477,39.77,1923.900024,50393,6204375,0.0256809589471949,-0.0394430970816151,-0.00192130501787435,11291.544922,41.9428568571428,1950.557129,41425.8571428571,0.130900991175823
"2020-09-05",10169.567383,39.0174995,1926.175018,43088,6247463,-0.0331000471573013,-0.0191026085997903,0.00118179216766467,11100.5023718571,41.3953566428571,1944.92499214286,41476.8571428571,-0.15660740404477
"2020-09-06",10280.351563,38.264999,1928.450012,31169,6278632,0.0108347875667238,-0.0194746364914673,0.00118039718335616,10896.0517581429,40.7574992142857,1939.47499728571,41018,-0.323819637453179
"2020-09-07",10369.563477,37.5124985,1930.725006,23567,6302199,0.00864046838509047,-0.0198614433485282,0.00117900548843686,10708.729353,40.0292845714285,1934.20714442857,39329.2857142857,-0.279575547826747
"2020-09-08",10131.516602,36.759998,1933,27393,6329592,-0.0232239055891199,-0.0202639276992929,0.00117761707128583,10446.0205081429,39.1721417142857,1929.17858,37262,0.150439485244902
"2020-09-09",10242.347656,38.049999,1944.699951,34057,6363649,0.010879835642168,0.0344908149459648,0.00603449810581669,10278.636719,38.6778561428571,1930.64999814286,36268.1428571429,0.217747370882515
"2020-09-10",10363.138672,37.299999,1954.199951,36073,6399722,0.0117242949499943,-0.0199077581863674,0.00487317912189589,10295.4712614286,38.0964275714285,1934.44999457143,35105.7142857143,0.0575089074744284
"2020-09-11",10400.915039,37.330002,1937.800049,47778,6447500,0.00363863523035057,0.000804046662584934,-0.0084275431987324,10279.6286274286,37.7478564285714,1936.43571242857,34732.1428571429,0.281019940294437
"2020-09-12",10442.170898,37.3066673333333,1942.90002466667,41062,6488562,0.00395871446318807,-0.000625286943680248,0.00262838070755489,10318.5719867143,37.5034518333333,1938.82499909524,34442.7142857143,-0.151481820565408
"2020-09-13",10323.755859,37.2833326666667,1948.00000033333,34351,6522913,-0.0114048675903717,-0.000625678172085031,0.00262149042873006,10324.7726004286,37.3632137857143,1941.61785457143,34897.2857142857,-0.178451513503996
"2020-09-14",10680.837891,37.259998,1953.099976,34428,6557341,0.0340036509991979,-0.000626069890361958,0.00261463618109214,10369.2403738571,37.3271422857143,1944.81427885714,36448.8571428571,0.00223904995024604
"2020-09-15",10796.951172,38.279999,1956.300049,39507,6596848,0.0108125107192922,0.0270072289648753,0.00163711755986107,10464.3024552857,37.5442852857142,1948.14285728571,38179.4285714286,0.137607311194458
"2020-09-16",10974.905273,40.16,1960.199951,39018,6635866,0.0163475323748017,0.0479439349220225,0.0019915247230804,10568.9535434286,37.845714,1950.357143,38888.1428571429,-0.01245476155853
"2020-09-17",10948.990234,40.970001,1940,45137,6681003,-0.00236409182496722,0.0199686405834094,-0.0103585107802555,10652.6466237143,38.37,1948.32857857143,40183,0.145678883721715
"2020-09-18",10944.585938,41.110001,1952.099976,49284,6730287,-0.000402336833856154,0.00341130926788535,0.00621773081722132,10730.313895,38.9099998571428,1950.37142528571,40398.1428571429,0.0878969890632693
"2020-09-19",11094.34668,40.510001,1935.133301,42159,6772446,0.0135907713653207,-0.0147025433349066,-0.00872949037779502,10823.4818638571,39.3676189523809,1949.26189333333,40554.8571428571,-0.156150957059772
"2020-09-20",10938.271484,39.910001,1918.166626,38415,6810861,-0.0141678855925438,-0.0149219377828427,-0.008806365957164,10911.2698102857,39.7428572857142,1944.99998271429,41135.4285714286,-0.0929999452906536
"2020-09-21",10462.259766,39.310001,1901.199951,51972,6862833,-0.0444933107579253,-0.0151479792444311,-0.00888460757297782,10880.0443638571,40.0357148571428,1937.58569342857,43641.7142857143,0.302256424665602
"2020-09-22",10538.459961,39.599998,1898.599976,39862,6902695,0.00725694456216175,0.00735010288279492,-0.00136848015985347,10843.117048,40.2242861428571,1929.34282585714,43692.4285714286,-0.265281038339365
"2020-09-23",10225.864258,39.93,1859.900024,39062,6941757,-0.0301111963137526,0.00829885331974678,-0.0205940240818041,10736.1111887143,40.191429,1915.01426485714,43698.7142857143,-0.0202733103480668
"2020-09-24",10745.548828,40.310001,1868.300049,47111,6988868,0.0495713839477983,0.00947168086168437,0.00450621696784204,10707.0481307143,40.0971432857142,1904.77141471429,43980.7142857143,0.187355954602463
"2020-09-25",10702.290039,40.25,1857.699951,48282,7037150,-0.00403386540969386,-0.0014895980722418,-0.00568981567218696,10672.4344308571,39.9742859999999,1891.28569685714,43837.5714285714,0.0245522495084902
"2020-09-26",10754.4375,40.366666,1862.733317,44652,7081802,0.00486071919190856,0.00289434151108781,0.00270579725980102,10623.8759765714,39.9538095714285,1880.942842,44193.7142857143,-0.0781595528638253
"2020-09-27",10774.426758,40.483332,1867.766683,37508,7119310,0.00185697336418755,0.00288598846904664,0.00269849567316083,10600.4695871429,40.0357139999999,1873.74285014286,44064.1428571429,-0.174344429039595
"2020-09-28",10721.327148,40.599998,1872.800049,33235,7152545,-0.00494048436156014,0.00287768350189532,0.00269123338711541,10637.4792131429,40.2199992857142,1869.68572128571,41387.4285714286,-0.120950363286521
"2020-09-29",10848.830078,39.290001,1894.300049,43448,7195993,0.0118222981609541,-0.0327979583244651,0.0114147396605739,10681.8178012857,40.175714,1869.071446,41899.7142857143,0.267960575966608
"2020-09-30",10787.618164,40.220001,1887.5,39434,7235427,-0.00565823712162583,0.0233943501856206,-0.0035962008781274,10762.0683592857,40.2171427142857,1873.01429971429,41952.8571428571,-0.0969361981082102
"2020-10-01",10623.330078,38.720001,1908.400024,45653,7281080,-0.0153464768099543,-0.0380081209729353,0.0110120050947522,10744.6085378571,39.9899998571428,1878.74286757143,41744.5714285714,0.146440588507351
"2020-10-02",10585.164063,37.049999,1900.199951,54962,7336042,-0.00359912928712625,-0.04408796348328,-0.00430608923204279,10727.8762555714,39.5328568571428,1884.81429614286,42698.8571428571,0.18557234406016
"2020-10-03",10565.493164,37.773333,1904.29996733333,48535,7384577,-0.00186007502844454,0.019335052718096,0.00215535182472149,10700.8842075714,39.1623807142857,1890.75238904762,43253.5714285714,-0.124356609260239
"2020-10-04",10684.428711,38.496667,1908.39998366667,35715,7420292,0.0111940918803022,0.0189682886480065,0.00215071627268859,10688.0273437143,38.8785714285714,1896.55714628571,42997.4285714286,-0.306713678983856
"2020-10-05",10804.000977,39.220001,1912.5,39449,7459741,0.0111291054663969,0.0186151801477505,0.00214610061739151,10699.8378907143,38.681429,1902.22856785714,43885.1428571429,0.099437664796417
"2020-10-06",10621.664063,40.669998,1901.099976,45256,7504997,-0.0170208313896012,0.0363038244774394,-0.00597863332738058,10667.3856028571,38.8785714285714,1903.199986,44143.4285714286,0.137326234346737
"2020-10-07",10679.136719,39.950001,1883.599976,51062,7556059,0.00539630374046141,-0.0178619734992624,-0.00924782674546965,10651.8882535714,38.84,1902.64283971429,45804.5714285714,0.120705071362035
"2020-10-08",10923.62793,41.189999,1888.599976,58593,7614652,0.022636144452532,0.0305667869266792,0.00265097449330209,10694.7879467143,39.1928568571428,1899.81426142857,47653.1428571429,0.137574403157712
"2020-10-09",11109.994629,40.599998,1919.5,56381,7671033,0.016916977049851,-0.0144274668236495,0.0162289343197095,10769.7637418571,39.6999995714285,1902.57141128571,47855.8571428571,-0.0384829462495766
"2020-10-10",11296.361328,40.2099986666667,1920.5,54918,7725951,0.0166355472783515,-0.00965232959666729,0.000520833345107441,10874.1734795714,40.0480946666666,1904.88570166667,48767.7142857143,-0.0262910114346937
"2020-10-11",11384.181641,39.8199993333333,1921.5,45941,7771892,0.00774414898400799,-0.00974640585589048,0.000520562218938814,10974.1381838571,40.2371421428571,1906.75713257143,50228.5714285714,-0.178482843276216
"2020-10-12",11399.2900393333,39.43,1922.5,41842,7813734,0.00132625973424183,-0.0098423340045084,0.00052029137490095,11059.1794784762,40.267142,1908.185704,50570.4285714286,-0.093457131547714
"2020-10-13",11414.3984376667,40.200001,1888.5,52248,7865982,0.00132450309885535,0.0193400726110609,-0.0178435592272876,11172.4272462857,40.1999995714285,1906.38570742857,51569.2857142857,0.222100516845664
"2020-10-14",11429.506836,41.040001,1901.300049,59765,7925747,0.00132275111065638,0.0206802047283885,0.00675502533486849,11279.6229772857,40.3557138571428,1908.91428928571,52812.5714285714,0.134418352001273
"2020-10-15",11495.349609,40.959999,1903.199951,64888,7990635,0.00574424133954743,-0.00195126891179553,0.000998765755255704,11361.2975028571,40.3228567142857,1911,53711.8571428571,0.0822423693352015
"2020-10-16",11322.123047,40.880001,1900.800049,69146,8059781,-0.0151839682471344,-0.00195498595990173,-0.00126177829569141,11391.6015625714,40.3628571428571,1908.32857842857,55535.4285714286,0.0635574095040976
"2020-10-17",11358.101563,40.8633346666667,1902.66670733333,56736,8116517,0.00317267988287817,-0.000407772289406694,0.000981556355183599,11400.4215961429,40.4561908571428,1905.78096519048,55795.1428571429,-0.19781096494836
"2020-10-18",11483.359375,40.8466683333333,1904.53336566667,49340,8165857,0.0109676931738942,-0.000407938635480054,0.000980593846983346,11414.5898438571,40.6028578571428,1903.35716028571,56280.7142857143,-0.139673554587297
"2020-10-19",11742.037109,40.830002,1906.400024,67752,8233609,0.0222763414331268,-0.000408105117327473,0.000979633224593712,11463.5537109524,40.8028581428571,1901.05716371429,59982.1428571429,0.3171183177371
"2020-10-20",11916.334961,41.459999,1910.400024,61971,8295580,0.0147348266424316,0.0153119285729262,0.00209599738739197,11535.2589285714,40.9828578571428,1904.18573857143,61371.1428571429,-0.0891873082484729
"2020-10-21",12823.689453,40.029999,1924.599976,63283,8358863,0.0733840542908766,-0.0350999348647822,0.0074054846910796,11734.4278738571,40.8385718571428,1907.51429957143,61873.7142857143,0.0209501635405669
"2020-10-22",12965.891602,40.639999,1901.099976,76300,8435163,0.0110279876102855,0.0151236306407094,-0.0122854880788665,11944.5053014286,40.7928575714285,1907.21430314286,63504,0.18705593802405
"2020-10-23",12931.539063,39.849998,1902,81949,8517112,-0.00265297045045543,-0.0196304236159102,0.000473310732025389,12174.4218751429,40.6457142857142,1907.38572471429,65333,0.0714240739177061
"2020-10-24",13108.0625,39.419999,1902.233317,82729,8599841,0.01355828281112,-0.0108490786912769,0.000122661772215871,12424.4162947143,40.4395234761904,1907.32381180952,69046.2857142857,0.00947309155742992
"2020-10-25",13031.173828,38.99,1902.466634,62140,8661981,-0.00588302525710382,-0.0109680733622342,0.000122646728150322,12645.5326451429,40.1742851428571,1907.02856442857,70874.8571428571,-0.28617990114768
"2020-10-26",13075.248047,38.560001,1902.699951,67403,8729384,0.00337650721224492,-0.0110897073185514,0.000122631687775154,12835.9913505714,39.8499992857142,1906.49998257143,70825,0.0812994976928501
"2020-10-27",13654.21875,39.57,1908.800049,76843,8806227,0.043327558953095,0.0258557597213787,0.00320089372075305,13084.2604632857,39.5799994285714,1906.27141471429,72949.5714285714,0.131074669731783
"2020-10-28",13271.285156,37.389999,1876.199951,79404,8885631,-0.0284458494372934,-0.0566679931534302,-0.0172263694389985,13148.2027065714,39.2028565714285,1899.35712542857,75252.5714285714,0.0327843235418968
"2020-10-29",13437.882813,36.169998,1865.599976,91052,8976683,0.0124751035146922,-0.0331732715743409,-0.00566572428355272,13215.6300224286,38.564285,1894.28569685714,77360,0.136881865958525
"2020-10-30",13546.522461,35.790001,1877.400024,99240,9075923,0.00805207555071341,-0.0105614379508627,0.00630514939484961,13303.4847935714,37.9842854285714,1890.77141457143,79830.1428571429,0.0861102963232412
"2020-10-31",13780.995117,36.130001,1881.73335733333,89695,9165618,0.0171606081224116,0.00945502011867916,0.00230549693941207,13399.6180245714,37.5142857142857,1887.84284890476,80825.2857142857,-0.101126025441514
"2020-11-01",13737.109375,36.470001,1886.06669066667,104848,9270466,-0.0031895931799184,0.00936645940300718,0.00230019384719338,13500.4659598571,37.1542858571428,1885.49999985714,86926.4285714286,0.156096495018542
"2020-11-02",13550.489258,36.810001,1890.400024,85308,9355774,-0.0136782301092815,0.00927954231707462,0.00229491509529023,13568.3575614286,36.9042858571428,1883.74286742857,89484.2857142857,-0.206243227100659
"2020-11-03",13950.300781,37.66,1908.5,127116,9482890,0.0290784151216172,0.0228289486715458,0.00952913361686036,13610.6549944286,36.6314287142857,1883.70000328571,96666.1428571429,0.398831433127416
"2020-11-04",14133.707031,39.150002,1894.599976,104608,9587498,0.0130614446959516,0.0388019502933732,-0.00730987141143213,13733.8581194286,36.8828577142857,1886.32857828571,100266.714285714,-0.194879855593904
"2020-11-05",15579.848633,38.790001,1945.300049,129354,9716852,0.0974158108339669,-0.00923796629066365,0.0264085102188352,14039.8532365714,37.2571438571428,1897.714303,105738.428571429,0.212332618584794
"2020-11-06",15565.880859,37.139999,1950.300049,128005,9844857,-0.000896930344174152,-0.0434679782323042,0.00256700001018473,14328.3330077143,37.4500007142857,1908.12859228571,109847.714285714,-0.0104834982000934
"2020-11-07",14833.753906,38.1899996666667,1917.93334966667,127450,9972307,-0.04817614126706,0.0278791635097249,-0.0167350060763853,14478.7271204286,37.7442862380952,1913.3000197619,115241.285714286,-0.00434519143263934
"2020-11-08",15479.567383,39.2400003333333,1885.56665033333,115072,10087379,0.0426156676208116,0.0271229506827595,-0.0170198399621757,14727.649693,38.1400004285714,1913.22858542857,116701.857142857,-0.102166027013379
"2020-11-09",15332.31543,40.290001,1853.199951,120573,10207952,-0.00955820031903087,0.0264066808314145,-0.0173145378625694,14982.196289,38.6371432857142,1907.91428928571,121739.714285714,0.0466973195739424
"2020-11-10",15290.902344,41.360001,1875.400024,140496,10348448,-0.00270468711364735,0.0262109303548126,0.011908134681053,15173.710798,39.1657148571428,1903.18572128571,123651.142857143,0.152923522377622
"2020-11-11",15701.339844,41.450001,1860.699951,146626,10495074,0.0264880155913882,0.00217365132863323,-0.00786924812337464,15397.6583427143,39.4942861428571,1898.34286057143,129653.714285714,0.0427060786953639
"2020-11-12",16276.34375,41.119999,1872.599976,164839,10659913,0.0359667008753402,-0.00799330887891303,0.00637509202896336,15497.1576451429,39.827143,1887.95713585714,134723,0.117084037539081
"2020-11-13",16317.808594,40.130001,1885.699951,180389,10840302,0.00254431322103699,-0.0243703876300048,0.00697125205944804,15604.575893,40.2542861428571,1878.72855042857,142206.428571429,0.0901463379011851
"2020-11-14",16068.138672,40.533334,1886.233317,167761,11008063,-0.0154187164105917,0.0100004881134867,0.000282807762310711,15780.9165738571,40.5890481904761,1874.19997433333,147965.142857143,-0.0725752409587148
"2020-11-15",15955.587891,40.936667,1886.766683,136224,11144287,-0.00702924091037183,0.00990146778551715,0.000282727804692406,15848.9195035714,40.8314291428571,1874.37140757143,150986.857142857,-0.208239619827829
"2020-11-16",16716.111328,41.34,1887.300049,162945,11307232,0.0465638986594321,0.00980438915678006,0.00028264789227439,16046.6046318571,40.981429,1879.24285014286,157040,0.179112010527136
"2020-11-17",17645.40625,41.43,1884.5,163922,11471154,0.0541024758516162,0.00217470183568835,-0.00148472849991865,16382.9623327143,40.9914288571428,1880.54284671429,160386.571428571,0.0059779807183169
"2020-11-18",17804.005859,41.82,1873.5,173177,11644331,0.00894799985529815,0.00936943791117706,-0.00585419447344826,16683.343192,41.0442858571428,1882.37142514286,164179.571428571,0.0549234553208535
"2020-11-19",17817.089844,41.740002,1861.099976,191548,11835879,0.00073462005197733,-0.00191474443576567,-0.00664064137942333,16903.4497768571,41.1328577142857,1880.728568,167995.142857143,0.100824181719467
"2020-11-20",18621.314453,42.150002,1872.599976,198297,12034176,0.0441487626774499,0.00977478233272633,0.00616012883406469,17232.5220424286,41.4214292857142,1878.857143,170553.428571429,0.0346274590959244
"2020-11-21",18642.232422,42.453335,1861.00000033333,179274,12213450,0.00112270424859773,0.00717074078930802,-0.00621384886701737,17600.249721,41.6957151428571,1875.25238347619,172198.142857143,-0.100850491576502
"2020-11-22",18370.001953,42.756668,1849.40002466667,146784,12360234,-0.0147105616732581,0.00711968714111366,-0.00625270234016906,17945.1660155714,41.9557152857142,1869.91428942857,173706.714285714,-0.199953119848013
"2020-11-23",18364.121094,43.060001,1837.800049,174449,12534683,-0.00032018507929088,0.00706935533175601,-0.0062920447520991,18180.5959821429,42.2014297142857,1862.84286085714,175350.142857143,0.172670208860415
"2020-11-24",19107.464844,44.91,1804.800049,175514,12710197,0.0396802677650321,0.0420659719400205,-0.0181194212755358,18389.4614955714,42.6985725714285,1851.45715357143,177006.142857143,0.00608637301091797
"2020-11-25",18732.121094,45.709999,1805.699951,183287,12893484,-0.0198393323743762,0.0176565833669553,0.000498491631981679,18522.0493862857,43.2542867142856,1841.77143228571,178450.428571429,0.043334394378018
"2020-11-26",17150.623047,45.6359992,1799.699951,112322,13005806,-0.0882052536298428,-0.00162020926249928,-0.00332834398514681,18426.8398438571,43.8108577428571,1833.00000014286,167132.428571429,-0.489683139253126
"2020-11-27",17108.402344,45.5619994,1793.699951,208188,13213994,-0.00246479424870394,-0.00162283860120827,-0.00333945886326337,18210.7095425714,44.2982859428571,1821.728568,168545.428571429,0.617071361283239
"2020-11-28",17717.414063,45.4879996,1787.699951,155533,13369527,0.0349782933138751,-0.00162547648777833,-0.00335064822561204,18078.5926341429,44.7318094571428,1811.25713238095,165153.857142857,-0.291583427263379
"2020-11-29",18177.484375,45.4139998,1781.699951,140234,13509761,0.0256357046741904,-0.00162812296395876,-0.00336191282342213,18051.090123,45.1114282857142,1801.58569328571,164218.142857143,-0.103545401711678
"2020-11-30",19625.835938,45.34,1775.699951,160570,13670331,0.0766631523656294,-0.00163077807177414,-0.00337325341806238,18231.3351007143,45.4371424285714,1792.71425071429,162235.428571429,0.135417438350641
"2020-12-01",18802.998047,44.549999,1814.099976,188219,13858550,-0.0428305306212575,-0.017577513609254,0.0213947799475385,18187.839844,45.3857137142857,1794.04281171429,164050.428571429,0.15887610243796
"2020-12-02",19201.091797,45.279999,1825.699951,202557,14061107,0.020950814137171,0.0162532803399924,0.00637398456286764,18254.8356587143,45.3242851428571,1796.89995457143,166803.285714286,0.0734151123269697
"2020-12-03",19445.398438,45.639999,1836.800049,223613,14284720,0.0126433160653843,0.00791909127314838,0.00606150552163243,18582.6607145714,45.3248565428571,1802.19996857143,182702,0.098895504219211
"2020-12-04",18699.765625,46.259998,1835.900024,232785,14517505,-0.0390994675499456,0.0134931104861269,-0.000490116263308416,18809.9983261429,45.4245706285714,1808.22855042857,186215.857142857,0.0401983840456683
"2020-12-05",19154.230469,46.0933313333333,1844.53336566667,215542,14733047,0.024012613088928,-0.00360933057430612,0.0046914896087733,19015.2578127143,45.5110465904761,1816.34760966667,194788.571428571,-0.0769594602801842
"2020-12-06",19345.121094,45.9266646666667,1853.16670733333,181012,14914059,0.00991664438976869,-0.003622405045836,0.00466958227207304,19182.0630582857,45.5842844285714,1826.55714628571,200614,-0.174592370232228
"2020-12-07",19191.630859,45.759998,1861.800049,194858,15108917,-0.00796595659378063,-0.00363557458400665,0.00464787858139193,19120.0337612857,45.6442841428571,1838.85716028571,205512.285714286,0.0737077214993516
"2020-12-08",18321.144531,45.599998,1870.800049,224492,15333409,-0.0464184595503507,-0.00350263070455759,0.00482238504272825,19051.1975447143,45.7942839999999,1846.95717071429,210694.142857143,0.141568915894084
"2020-12-09",18553.916016,45.52,1834.599976,222539,15555948,0.012625041063437,-0.00175588284261474,-0.0195397120500491,18958.7438617143,45.8285698571428,1848.22860285714,213548.714285714,-0.0087377007489664
"2020-12-10",18264.992188,46.779999,1833.599976,231515,15787463,-0.0156946402136438,0.0273039499613001,-0.000545226562270074,18790.1143974286,45.9914269999999,1847.77144957143,214677.571428571,0.0395422816763649
"2020-12-11",18058.904297,46.57,1839.800049,239977,16027440,-0.011347356550603,-0.00449918278508976,0.00337566224497188,18698.5627791429,46.0357129999999,1848.328596,215705,0.0358984039418928
"2020-12-12",18803.65625,46.7100006666667,1836.10001633333,217585,16245025,0.0404124563165364,0.00300173179219154,-0.00201313085257837,18648.4807478571,46.1238086190476,1847.12383180952,215996.857142857,-0.0979534637502528
"2020-12-13",19142.382813,46.8500013333333,1832.39998366667,187703,16432728,0.0178535398534052,0.00299274835757624,-0.00201719172484971,18619.5181362857,46.2557138571428,1844.157157,216952.714285714,-0.147728579199963
"2020-12-14",19246.644531,46.990002,1828.699951,194821,16627549,0.00543186329886858,0.00298381853291696,-0.00202126901336275,18627.3772322857,46.4314287142857,1839.42857157143,216947.428571429,0.0372202423917738
"2020-12-15",19417.076172,47.619999,1852.300049,209006,16836555,0.00881615849663042,0.0133179643821655,0.0128228314966794,18783.9388952857,46.7200002857142,1836.78571442857,214735.142857143,0.0702817365773392
"2020-12-16",21310.597656,47.82,1856.099976,246700,17083255,0.0930515975586097,0.00419114197104253,0.00204936269244005,19177.7505581429,47.0485717142857,1839.857143,218186.714285714,0.165809990744096
"2020-12-17",22805.162109,48.360001,1887.199951,239725,17322980,0.067782427106037,0.0112290843946594,0.0166167238543578,19826.3462611429,47.2742862857142,1847.51428228571,219359.571428571,-0.0286805787015538
"2020-12-18",23137.960938,49.099998,1885.699951,251969,17574949,0.0144876807633771,0.0151859476424381,-0.000795144381241286,20551.9257812857,47.6357145714285,1854.07141114286,221072.714285714,0.04981361076117
"2020-12-19",23869.832031,48.646666,1883.53328433333,191906,17766855,0.0311408041147576,-0.00927571810217431,-0.00114965923838284,21275.6651785714,47.912381047619,1860.84759228571,217404.285714286,-0.272300271047763
"2020-12-20",23477.294922,48.193334,1881.36661766667,187819,17954674,-0.0165816229298201,-0.00936256322788864,-0.0011509824761653,21894.938337,48.1042857142857,1867.84282571429,217420.857142857,-0.0215269243546814
"2020-12-21",22803.082031,47.740002,1879.199951,199049,18153723,-0.0291380769486143,-0.00945104993293988,-0.00115230876350658,22403.000837,48.2114285714285,1875.05711142857,218024.857142857,0.0580722624160597
"2020-12-22",23783.029297,47.02,1866.599976,198011,18351734,0.0420765679619972,-0.0151966196923499,-0.00672754699573286,23026.7084262857,48.1257144285714,1877.09995814286,216454.142857143,-0.00522843822982999
"2020-12-23",23241.345703,48.119999,1874.699951,229618,18581352,-0.0230394366736437,0.0231248272131745,0.00433003919158637,23302.5295758571,48.1685714285714,1879.75709742857,214013.857142857,0.148094404361627
"2020-12-24",23735.949219,48.019999,1875.199951,194204,18775556,0.0210579086663039,-0.00208030035664786,0.000266673786517124,23435.499163,48.1199997142857,1878.04281171429,207510.857142857,-0.167507826201115
"2020-12-25",24664.791016,47.919999,1875.699951,97646,18873202,0.0383860181752507,-0.00208463702937012,0.000266602690567552,23653.6177455714,47.9514284285714,1876.61424028571,185464.714285714,-0.687559949920715
"2020-12-26",26437.037109,47.819999,1876.199951,226288,19099490,0.0693891860207927,-0.00208899182065414,0.000266531632516553,24020.3613281429,47.8333331428571,1875.5666212381,190376.428571429,0.840459248223718
"2020-12-27",26272.294922,47.719999,1876.699951,155635,19255125,-0.00625098885118014,-0.00209336484428491,0.000266460612334818,24419.6470424286,47.7657138571428,1874.89995457143,185778.714285714,-0.374294801481296
"2020-12-28",27084.808594,47.619999,1877.199951,174634,19429759,0.0304580432987134,-0.00209775621500485,0.000266389629989483,25031.3222657143,47.7485705714285,1874.61424028571,182290.857142857,0.115178763175741
"2020-12-29",27362.4375,48,1879.699951,200252,19630011,0.0101981764770454,0.00794819084875487,0.00133088473700393,25542.6662947143,47.8885705714285,1876.48566528571,182611,0.136884144897648
"2020-12-30",28840.953125,48.400002,1891,233684,19863695,0.0526251818893506,0.00829884413700821,0.00599362610389775,26342.6102121429,47.928571,1878.81424371429,183191.857142857,0.154393130501878
"2020-12-31",29001.720703,48.52,1893.099976,235667,20099362,0.00555880222474414,0.00247622903094991,0.00110989467978762,27094.8632812857,47.9999997142857,1881.37139014286,189115.142857143,0.00845001269533086
"2021-01-01",29374.152344,48.29499975,1905.99996975,153628,20252990,0.0127599528610478,-0.00464805362110932,0.00679110500496805,27767.6291852857,48.0535712499999,1885.69996425,197112.571428571,-0.427885469292148
"2021-01-02",32127.267578,48.0699995,1918.8999635,300310,20553300,0.0895900111364032,-0.00466975895036859,0.00674529681116898,28580.5192522857,48.0892856071428,1891.79996603571,207687.142857143,0.670280860767411
"2021-01-03",32782.023438,47.84499925,1931.79995725,208746,20762046,0.0201751724225367,-0.00469166794876452,0.00670010246119279,29510.4804688571,48.1071427857142,1899.6713955,215274.428571429,-0.363696926535628
"2021-01-04",31971.914063,47.619999,1944.699951,184282,20946328,-0.0250224673554307,-0.00471378349647056,0.00665550969857254,30208.638393,48.1071427857142,1909.31425264286,216652.714285714,-0.124650945216734
"2021-01-05",33992.429688,49.93,1952.699951,235111,21181439,0.0612800117122756,0.0473692044533816,0.00410530683884325,31155.7801341429,48.3828570714285,1919.74282407143,221632.571428571,0.243590432678014
"2021-01-06",36824.363281,50.630001,1906.900024,255444,21436883,0.0800218282093823,0.0139222812204354,-0.023734105726537,32296.2672992857,48.7014283571428,1922.01425607143,224741.142857143,0.0829454306307085
"2021-01-07",39371.042969,50.830002,1912.300049,278290,21715173,0.066870924271667,0.0039424650726998,0.00282783226606931,33777.5990515714,49.0314286428571,1924.75712364286,230830.142857143,0.0856604957628768
"2021-01-08",40797.609375,52.240002,1834.099976,295215,22010388,0.0355928898730991,0.0273617524473608,-0.0417528468209731,35409.5214845714,49.5950003928571,1914.48569596429,251056.857142857,0.0590401484030512
"2021-01-09",40254.546875,52.2433346666667,1839.26664266667,260695,22271083,-0.0134005226205147,6.37932664506735e-05,0.0028130435157161,36570.5613841429,50.1911911309523,1903.10950727381,245397.571428571,-0.124352717967252
"2021-01-10",38356.441406,52.2466673333333,1844.43330933333,213248,22484331,-0.0483004859633844,6.37891971289051e-05,0.00280515249449209,37366.9068081429,50.8200008571428,1890.62855757143,246040.714285714,-0.200895248610642
"2021-01-11",35566.65625,52.25,1849.599976,214994,22699325,-0.0755139005972065,6.37851283271651e-05,0.00279730562052105,37880.4414062857,51.4814295714285,1877.04284685714,250428.142857143,0.0081543092889298
"2021-01-12",33922.960938,53.209999,1842.900024,226920,22926245,-0.04731647784409,0.0182064389698975,-0.00362895564133492,37870.5172991429,51.9500008571428,1861.357143,249258,0.0539873872515475
"2021-01-13",37316.359375,52.91,1853.599976,230362,23156607,0.0953397207215172,-0.00565397289877767,0.00578925030944433,37940.8024554286,52.2757149999999,1853.74285042857,245674.857142857,0.0150544456207111
"2021-01-14",39187.328125,53.57,1850.300049,235707,23392314,0.0489216127788517,0.0123968529768286,-0.0017818666005267,37914.5574777143,52.6671432857142,1844.88570757143,239591.571428571,0.0229375137632335
"2021-01-15",36825.367188,52.360001,1829.300049,242731,23635045,-0.0621664989587298,-0.0228462497526216,-0.0114144077864076,37347.0943081429,52.6842859999999,1844.20000371429,232093.857142857,0.0293643137357211
"2021-01-16",36178.140625,52.51500075,1831.85003675,201680,23836725,-0.0177318471571972,0.00295589721612499,0.00139299843088558,36764.7505581429,52.7230954404761,1843.14048858333,223663.142857143,-0.185271467547349
"2021-01-17",35791.277344,52.6700005,1834.4000245,177782,24014507,-0.0107508721923537,0.00294718563199581,0.00139106068522032,36398.2985492857,52.7835716071428,1841.70716217857,218596.571428571,-0.126124135618419
"2021-01-18",36630.074219,52.82500025,1836.95001225,143416,24157923,0.0231653888590682,0.00293852524635962,0.00138912832311266,36550.215402,52.8657145,1839.9000245,208371.142857143,-0.214808447871544
"2021-01-19",36069.804688,52.98,1839.5,176706,24334629,-0.0154135228731551,0.00292991560919598,0.00138720132215653,36856.9073662857,52.8328575,1839.41430678571,201197.714285714,0.208737705293565
"2021-01-20",35547.75,53.240002,1865.900024,183236,24517865,-0.0145792169892012,0.00489554724872621,0.0142497277207996,36604.2488841429,52.8800006428571,1841.1714565,194465.428571429,0.0362875847113724
"2021-01-21",30825.699219,53.130001,1865.300049,193818,24711683,-0.142528130810248,-0.00206827180804048,-0.000321598945880019,35409.730469,52.8171436428571,1843.31431364286,188481.285714286,0.056144605118936
"2021-01-22",33005.761719,52.27,1855.699951,190753,24902436,0.0683334114747662,-0.0163191665597791,-0.00515996737458657,34864.0725448572,52.8042863571428,1847.08572821429,181055.857142857,-0.015940168677659
"2021-01-23",32067.642578,52.4366666666667,1855.43330866667,170613,25073049,-0.0288346414057425,0.00318349944147345,-0.000143698603706888,34276.8585381429,52.7930957738095,1850.45476705952,176617.714285714,-0.111581501753497
"2021-01-24",32289.378906,52.6033333333333,1855.16666633333,131062,25204111,0.0068908473478988,0.00317339692562779,-0.000143719255962793,33776.5873327143,52.7835718928571,1853.42143017857,169943.428571429,-0.263727163238819
"2021-01-25",32366.392578,52.77,1854.900024,151969,25356080,0.00238226864067137,0.00316335832564496,-0.000143739914157059,33167.4899554286,52.7757147142857,1855.98571757143,171165.285714286,0.148005954028022
"2021-01-26",32569.849609,52.610001,1850.699951,147540,25503620,0.00626638345303121,-0.00303661266706801,-0.00226687976410211,32667.4963727143,52.7228577142857,1857.58571057143,166998.714285714,-0.0295772074682628
"2021-01-27",30432.546875,52.849998,1844.900024,153945,25657565,-0.0678743452128945,0.00455143972278549,-0.00313883093467915,31936.7530691429,52.6671428571428,1854.58571057143,162814.285714286,0.0424960421099971
"2021-01-28",31649.605469,52.34,1837.900024,168610,25826175,0.0392130264835302,-0.00969677737129437,-0.0038014599427445,32054.453962,52.5542855714285,1850.67142128571,159213.142857143,0.0909929035261268
"2021-01-29",34316.386719,52.200001,1847.300049,166568,25992743,0.0808973039187428,-0.00267838305631862,0.00510151155997995,32241.6861048572,52.5442857142857,1849.47143528571,155758.142857143,-0.0121847140662243
"2021-01-30",34269.523438,52.6500003333333,1851.800049,142312,26135055,-0.00136655730559632,0.00858373086542086,0.00243302538489765,32556.2405134286,52.5747619523809,1848.95239819048,151715.142857143,-0.157381701703969
"2021-01-31",33114.359375,53.0999996666667,1856.300049,111997,26247052,-0.0342894234041626,0.00851067705932751,0.00242712013708513,32674.0948661429,52.6457142857142,1849.11431,148991.571428571,-0.239549555001428
"2021-02-01",33537.175781,53.549999,1860.800049,135202,26382254,0.0126875420605419,0.00843885624919194,0.00242124348538741,32841.3496094286,52.7571427142857,1849.95717071429,146596.285714286,0.188297717929888
"2021-02-02",35510.289063,54.759998,1830.5,115333,26497587,0.057167938900955,0.0223441856776168,-0.0164173755368688,33261.4123885714,53.0642851428571,1847.07146342857,141995.285714286,-0.158946232766434
"2021-02-03",37472.089844,55.689999,1832.199951,121641,26619228,0.0537738977941302,0.0168406157477934,0.0009282502770116,34267.0613841429,53.4699995714285,1845.25716728571,137380.428571429,0.0532504425800298
"2021-02-04",36926.066406,56.23,1788.900024,123975,26743203,-0.0146786767172653,0.00964984265907898,-0.0239164846240669,35020.841518,54.0257138571428,1838.25716728571,131004,0.0190058331428986
"2021-02-05",38144.308594,56.849998,1810.900024,134397,26877600,0.0324588533217582,0.0109657627121349,0.0122230532871397,35567.6875001429,54.6899991428571,1833.05716371429,126408.142857143,0.0807181114861937
"2021-02-06",39266.011719,57.2233323333333,1817.900024,103987,26981587,0.0289827412809434,0.00654553812309366,0.00385802942568692,36281.4715402857,55.3433322857142,1828.214303,120933.142857143,-0.256531997488874
"2021-02-07",38903.441406,57.5966666666667,1824.900024,89648,27071235,-0.00927658819619737,0.00650297251758136,0.00384320222011247,37108.483259,55.9857132857142,1823.72858514286,117740.428571429,-0.148374846690269
"2021-02-08",46196.464844,57.970001,1831.900024,90315,27161550,0.17182056189996,0.00646095694502247,0.0038284885463904,38916.9531251429,56.6171421428571,1819.60001014286,111328,0.00741266052353495
"2021-02-09",46481.105469,58.360001,1835.300049,95632,27257182,0.00614261938541993,0.00670508818766535,0.00185428987049274,40484.2126117143,57.1314282857142,1820.28573142857,108513.571428571,0.0572038709367444
"2021-02-10",44918.183594,58.68,1840.599976,95177,27352359,-0.0342032034294419,0.00546821248517304,0.00288360980247226,41547.9402902857,57.5585712857142,1821.485735,104733,-0.00476917111348918
"2021-02-11",47909.332031,58.240002,1824.900024,105760,27458119,0.0644676160476099,-0.0075265150456918,-0.0085663882193554,43116.9782367143,57.8457144285714,1826.62859214286,102130.857142857,0.105433954997045
"2021-02-12",47504.851563,59.470001,1821.599976,99638,27557757,-0.00847846464218094,0.0208995623046135,-0.00180998157187595,44454.1986608571,58.2200005714285,1828.15715671429,97165.2857142857,-0.0596287000749527
"2021-02-13",47105.515625,59.6150005,1815.49996975,87122,27644879,-0.00844174526234553,0.00243522811154318,-0.00335432738198538,45574.1277902857,58.5616674523809,1827.81429182143,94756,-0.134234038547653
"2021-02-14",48717.289063,59.76,1809.3999635,65021,27709900,0.033643879916502,0.00242931217931552,-0.0033656167731051,46976.106027,58.8707150714285,1825.59999746429,91237.8571428571,-0.29259875041331
"2021-02-15",47945.058594,59.9049995,1803.29995725,54186,27764086,-0.0159782359338614,0.0024234249207522,-0.00337698241252049,47225.9051341429,59.1471434285714,1821.51427364286,86076.5714285714,-0.182287414613919
"2021-02-16",49199.871094,60.049999,1797.199951,62719,27826805,0.0258352607406156,0.0024175661278889,-0.00338842507531734,47614.3002234286,59.3885717142857,1816.0714025,81374.7142857143,0.146241608459242
"2021-02-17",52149.007813,61.139999,1771.099976,70118,27896923,0.0582141521740276,0.0179887682335806,-0.0146290620196847,48647.2751118571,59.7400001428571,1806.14283107143,77794.8571428571,0.111514936830357
"2021-02-18",51679.796875,60.52,1773.400024,69924,27966847,-0.00903822659889109,-0.0101924111866287,0.00129781256754669,49185.9129467143,60.0657141428571,1798.78568821429,72675.4285714286,-0.00277059520770884
"2021-02-19",55888.132813,59.240002,1775.800049,79297,28046144,0.0782851354458778,-0.021376865759585,0.00135243171219113,50383.5245538571,60.0328571428571,1792.2428415,69769.5714285714,0.125791189912665
"2021-02-20",56099.519531,59.990002,1786.10001633333,71525,28117669,0.0037751835069777,0.0125808918433208,0.00578342786370545,51668.3822547143,60.0864287857142,1788.04284815476,67541.4285714286,-0.10315312093697
"2021-02-21",57539.945313,60.740002,1796.39998366667,57080,28174749,0.0253521597236777,0.0124245775409424,0.00575017206619499,52928.761719,60.2264290714285,1786.18570817857,66407,-0.225592892513523
"2021-02-22",54207.320313,61.490002,1806.699951,56220,28230969,-0.0596634472547208,0.0122720999461583,0.00571729653728603,53823.370536,60.452858,1786.67142157143,66697.5714285714,-0.0151812003309857
"2021-02-23",48824.425781,61.669998,1804.400024,72263,28303232,-0.104585244515352,0.00292296408172987,-0.00127380982354897,53769.7354912857,60.6842864285714,1787.70000342857,68061,0.251039281232643
"2021-02-24",49705.332031,63.220001,1796.400024,74732,28377964,0.0178814957382105,0.0248231660325295,-0.00444346426142506,53420.638951,60.9814295714285,1791.314296,68720.1428571429,0.0335960932756816
"2021-02-25",47093.851563,63.529999,1774.400024,77501,28455465,-0.0539697592364039,0.00489149693259616,-0.0123223244518353,52765.5039064286,61.4114294285714,1791.45715314286,69802.5714285714,0.036382411095401
"2021-02-26",46339.761719,61.5,1728.099976,77346,28532811,-0.0161420754621098,-0.0324750447253743,-0.0264398259499403,51401.450893,61.7342862857142,1784.642857,69523.8571428571,-0.00200197422709181
"2021-02-27",46188.453125,61.213333,1726.23331733333,64575,28597386,-0.00327054248538516,-0.00467214954499795,-0.00108076360319043,49985.5842635714,61.9090478571428,1776.09047142857,68531,-0.18046126801225
"2021-02-28",45137.769531,60.926666,1724.36665866667,51357,28648743,-0.0230104765722992,-0.00469408103364533,-0.00108193291702285,48213.8448661429,61.9357141428571,1765.79999642857,67713.4285714286,-0.229025693954529
"2021-03-01",49631.242188,60.639999,1722.5,58229,28706972,0.0949011603427525,-0.00471621939047839,-0.00108310476383355,47560.1194197143,61.8142851428571,1753.771432,68000.4285714286,0.125582036165953
"2021-03-02",48378.988281,59.75,1733.099976,57060,28764032,-0.0255549252237337,-0.0147855340317307,0.00613497471949742,47496.4854911429,61.5399997142857,1743.58571085714,65828.5714285714,-0.0202801314540402
"2021-03-03",50538.242188,61.279999,1715.300049,67193,28831225,0.043664727708963,0.0252843183021776,-0.0103236776251006,47615.4726564286,61.2628565714285,1732.00000014286,64751.5714285714,0.163465465360867
"2021-03-04",48561.167969,63.830002,1700.199951,68051,28899276,-0.0399061222038739,0.0407698214873964,-0.00884215861909166,47825.0892858571,61.3057141428571,1721.39998971429,63401.5714285714,0.0126883298658242
"2021-03-05",48927.304688,66.089996,1698,66451,28965727,0.00751142018160778,0.0347940583576367,-0.0012947744918268,48194.7382814286,61.9614278571428,1717.09999314286,61845.1428571429,-0.023792554729603
"2021-03-06",48912.382813,65.7433316666667,1691.233317,58203,29023930,-0.000305027039575023,-0.00525914256264226,-0.003993051736499,48583.871094,62.6085705238095,1712.09999309524,60934.8571428571,-0.132527720898397
"2021-03-07",51206.691406,65.3966673333333,1684.466634,41007,29064937,0.0458396233455769,-0.00528694743736136,-0.00400906014241897,49450.8599332857,63.2471421428571,1706.39998957143,59456.2857142857,-0.35019339548
"2021-03-08",52246.523438,65.050003,1677.699951,45036,29109973,0.0201031365299542,-0.00531504788194326,-0.00402519742267149,49824.4715404286,63.8771427142857,1699.99998257143,57571.5714285714,0.0937191679405895
"2021-03-09",54824.117188,64.010002,1716.599976,57642,29167615,0.0481568402527852,-0.0161168986778542,0.0229217977332912,50745.2042414286,64.4857144285714,1697.64283971429,57654.7142857143,0.246788813115987
"2021-03-10",56008.550781,64.440002,1721.5,57920,29225535,0.0213741797844449,0.0066952369463662,0.00285042747558428,51526.6768975714,64.9371434285714,1698.528547,56330,0.00481127109503632
"2021-03-11",57805.121094,66.019997,1722.300049,62474,29288009,0.0315730003990868,0.0242230916388744,0.000464631513450442,52847.2416297143,65.2499998571428,1701.68570385714,55533.2857142857,0.0756875962596393
"2021-03-12",57332.089844,65.610001,1719.5,61523,29349532,-0.00821687285308137,-0.00622954238590534,-0.00162708441970771,54047.9252234286,65.1814291428571,1704.75713242857,54829.2857142857,-0.0153393568100633
"2021-03-13",61243.085938,65.536667,1722.63334133333,52932,29402464,0.0659904612655176,-0.00111835106086389,0.00182058153364828,55809.4542412857,65.1519056190476,1709.24285019048,54076.2857142857,-0.150402753919513
"2021-03-14",59302.316406,65.463333,1725.76668266667,38221,29440685,-0.0322025926716698,-0.00111960317038839,0.00181727303899937,56965.9720984286,65.1614292857142,1715.14285714286,53678.2857142857,-0.325622240984336
"2021-03-15",55907.199219,65.389999,1728.900024,56666,29497351,-0.0589552084081344,-0.00112085808678675,0.0018139765474201,57488.9257814286,65.2100001428571,1722.45715328571,55339.7142857143,0.393788429191117
"2021-03-16",56804.902344,64.800003,1730.599976,53957,29551308,0.0159294715475387,-0.00906367662580188,0.000982773312227181,57771.8950894286,65.3228574285714,1724.45715328571,54813.2857142857,-0.0489868619505458
"2021-03-17",58870.894531,64.599998,1726.800049,59136,29610444,0.0357241870717111,-0.00309126982572128,-0.00219814224710646,58180.8013394286,65.345714,1725.21430314286,54987,0.0916522806534985
"2021-03-18",57858.921875,60,1732.199951,60538,29670982,-0.0173391519123669,-0.0738698176067025,0.00312223555170821,58188.4871652857,64.4857144285714,1726.62857485714,54710.4285714286,0.0234313518571856
"2021-03-19",58346.652344,61.419998,1741.400024,61629,29732611,0.00839431905486343,0.0233909202278921,0.00529715256731222,58333.4246652857,63.8871425714285,1729.75714971429,54725.5714285714,0.0178612426976077
"2021-03-20",58313.644531,61.4633316666667,1740.20003233333,55374,29787985,-0.000565879133946012,0.000705281482532349,-0.000689333464365838,57914.9330357143,63.3052375238095,1732.266677,55074.4285714286,-0.107022186178348
"2021-03-21",57523.421875,61.5066653333333,1739.00004066667,33768,29821753,-0.0136439041355594,0.000704784411118098,-0.000689808972794026,57660.8052455714,62.7399992857142,1734.15715671429,54438.2857142857,-0.494595405552179
"2021-03-22",54529.144531,61.549999,1737.800049,51593,29873346,-0.0534568810490175,0.000704288039865553,-0.000690285137694424,57463.9402901429,62.1914278571428,1735.42858885714,53713.5714285714,0.423871372756473
"2021-03-23",54738.945313,57.759998,1724.699951,53603,29926949,0.0038401154466623,-0.0635533764249772,-0.00756687971505876,57168.8035714286,61.1857128571428,1734.58572814286,53663,0.0382189596093809
"2021-03-24",52774.265625,61.18,1732.900024,86960,30013909,-0.0365517577867926,0.0575238787642256,0.00474322560919926,56297.8565848571,60.6971417142857,1735.45715314286,57637.8571428571,0.48384249054107
"2021-03-25",51704.160156,58.560001,1724.900024,67465,30081374,-0.0204854329203901,-0.0437684519931985,-0.00462722781138325,55418.6049107143,60.4914275714285,1734.41430642857,58627.4285714286,-0.253838965634587
"2021-03-26",55137.3125,60.970001,1732.199951,77321,30158695,0.0642884193247273,0.0403300695916746,0.00422315692478481,54960.1277901429,60.4271422857143,1733.10001028571,60869.1428571429,0.136356453698017
"2021-03-27",55973.511719,61.1666676666667,1725.49995933333,62700,30221395,0.0150519089792898,0.00322043885405598,-0.00387540863920766,54625.8231027143,60.3847617142857,1730.99999985714,61915.7142857143,-0.20960383829579
"2021-03-28",55950.746094,61.3633343333333,1718.79996766667,43097,30264492,-0.000406804132701666,0.00321010091144824,-0.00389048588074381,54401.155134,60.3642858571428,1728.11427514286,63248.4285714286,-0.374907333070826
"2021-03-29",57750.199219,61.560001,1712.099976,69429,30333921,0.0316550293931783,0.00319982912825534,-0.00390568089636734,54861.3058037143,60.3657147142857,1724.44283614286,65796.4285714286,0.476850378521815
"2021-03-30",58917.691406,60.549999,1683.900024,61249,30395170,0.0200146099114118,-0.0165428717311684,-0.016608127324008,55458.2695312857,60.7642862857143,1718.61427514286,66888.7142857143,-0.125356932545595
"2021-03-31",58918.832031,59.16,1713.800049,67039,30462209,1.93594475934589e-05,-0.0232238156412254,0.0176006099575616,56336.0647321429,60.4757148571428,1715.88570728571,64042.8571428571,0.0903268758233811
"2021-04-01",59095.808594,61.450001,1726.5,79045,30541254,0.00299923288716286,0.0379782144428376,0.00738308200359494,57392.014509,60.888572,1716.11427528571,65697.1428571429,0.164742544386797
"2021-04-02",59384.3125,60.75000125,1726.625,69831,30611085,0.0048700908398569,-0.0114567494886471,7.23981900767612e-05,57998.7287947143,60.8571434642857,1715.31785371429,64627.1428571429,-0.123939106373747
"2021-04-03",57603.890625,60.0500015,1726.75,63067,30674152,-0.0304399811679676,-0.0115895292916131,7.2392948958111e-05,58231.640067,60.6976197261905,1715.49643095238,64679.5714285714,-0.101880230313757
"2021-04-04",58758.554688,59.35000175,1726.875,34972,30709124,0.0198466431408875,-0.0117254229634005,7.23877085988534e-05,58632.7555804286,60.4100007857143,1716.650007,63518.8571428571,-0.589648638217046
"2021-04-05",59057.878906,58.650002,1727,77679,30786803,0.00508120731347006,-0.0118645413416951,7.23824689972119e-05,58819.5669642857,59.9942866428571,1718.77858185714,64697.4285714286,0.798035637177172
"2021-04-06",58192.359375,59.330002,1741.5,60544,30847347,-0.0147638975453876,0.0115275047802292,0.0083610116593773,58715.9481027143,59.8200013571428,1727.00714985714,64596.7142857143,-0.24921421280275
"2021-04-07",56048.9375,59.77,1740.099976,75038,30922385,-0.0375288708531656,0.00738874885585261,-0.000804241776833692,58305.9631697143,59.9071442142857,1730.76428228571,65739.4285714286,0.214623959428613
"2021-04-08",58323.953125,59.599998,1756.800049,79878,31002263,0.0397876757042273,-0.00284832232190624,0.00955143117761015,58195.6981027143,59.6428580714285,1735.09286071429,65858.4285714286,0.0625057380382206
"2021-04-09",58245.003906,59.32,1743.300049,82698,31084961,-0.00135454984040706,-0.0047090232445246,-0.00771410335005118,58032.9397321429,59.4385721785714,1737.47501057143,67696.5714285714,0.0346949045724987
"2021-04-10",59793.234375,59.446667,1739.266683,66535,31151496,0.0262341981009566,0.00213304037615902,-0.00231631903348806,58345.703125,59.3523815357143,1739.26310814286,68192,-0.217466999195773
"2021-04-11",60204.964844,59.573334,1735.233317,46380,31197876,0.00686230439155544,0.00212850019757926,-0.00232169682644834,58552.3331472857,59.3842861428571,1740.45715342857,69821.7142857143,-0.36085914003611
"2021-04-12",59893.453125,59.700001,1731.199951,70230,31268106,-0.00518761900229592,0.00212397930550523,-0.002327099648749,58671.7008928571,59.534286,1741.05714642857,68757.5714285714,0.41490650613601
"2021-04-13",63503.457031,60.18,1746.199951,77878,31345984,0.0585271434463319,0.00800803405292427,0.00862718896767944,59430.4291294286,59.6557142857143,1741.728568,71233.8571428571,0.103367789636113
"2021-04-14",63109.695313,63.150002,1734.900024,75375,31421359,-0.00621993813731159,0.0481728092652256,-0.00649218164984244,60439.108817,60.1385717142857,1740.98571771429,71282,-0.0326678019526483
"2021-04-15",63314.011719,63.459999,1765.400024,74289,31495648,0.00323225111300296,0.00489688992996662,0.0174275185148529,61151.9743304286,60.6900004285714,1742.21428557143,70483.5714285714,-0.0145127433416636
"2021-04-16",61572.789063,63.130001,1779,79991,31575639,-0.0278866218703975,-0.00521366217722807,0.00767410148504943,61627.37221,61.2342862857143,1747.31427857143,70096.8571428571,0.0739511400805011
"2021-04-17",60683.820313,63.2133343333333,1775.800008,52373,31628012,-0.0145429261012868,0.00131915696539142,-0.00180037856259663,61754.5987725714,61.7723816190476,1752.533325,68073.7142857143,-0.423522277750502
"2021-04-18",56216.183594,63.2966676666667,1772.600016,42018,31670030,-0.0764724311019105,0.00131741908258043,-0.00180362577265125,61184.7728797143,62.3042864285714,1757.87142485714,67450.5714285714,-0.220292622903626
"2021-04-19",55724.265625,63.380001,1769.400024,67933,31737963,-0.00878897912224375,0.00131568577278696,-0.00180688471738133,60589.1746654286,62.8300007142857,1763.32857814286,67122.4285714286,0.480422919543662
"2021-04-20",56473.03125,62.439999,1777.300049,61273,31799236,0.0133475005589663,-0.0149422904087659,0.00445486672264916,59584.8281252857,63.1528577142857,1767.77144928571,64750.2857142857,-0.103182476193187
"2021-04-21",53906.089844,61.349998,1792.300049,62857,31862093,-0.0465197455371893,-0.017610941074774,0.00840435224086988,58270.027344,62.8957142857143,1775.97145285714,62962,0.0255229748570915
"2021-04-22",51762.273438,61.43,1781.199951,67257,31929350,-0.0405818837417868,0.00130317661875345,-0.00621247163872152,56619.7790181429,62.6057144285714,1778.22858528571,61957.4285714286,0.067658693078771
"2021-04-23",51093.652344,62.139999,1777,62399,31991749,-0.01300130268997,0.0114915726963716,-0.00236071778335223,55122.7594868571,62.4642855714286,1777.942871,59444.2857142857,-0.0749717369229046
"2021-04-24",50050.867188,62.0633326666667,1777.733317,53363,32045112,-0.0206204371750136,-0.00123452957407189,0.000412586230813083,53603.7661832857,62.2999996190476,1778.219058,59585.7142857143,-0.156431356322559
"2021-04-25",49004.253906,61.9866663333333,1778.466634,32065,32077177,-0.021132723294059,-0.00123605552136219,0.000412416073617194,52573.4905135714,62.1128565714286,1779.05714628571,58163.8571428571,-0.509351284610712
"2021-04-26",54021.753906,61.91,1779.199951,47691,32124868,0.0974797068024298,-0.001237585245633,0.000412246056714416,52330.2745537143,61.9028564285714,1780.45713585714,55272.1428571429,0.396976586415159
"2021-04-27",55033.117188,62.939999,1778,50856,32175724,0.0185483191623668,0.0165001582169726,-0.00067466044194564,52124.5725448571,61.974285,1780.55712885714,53784,0.0642552782921637
"2021-04-28",54824.703125,63.860001,1773.199951,55125,32230849,-0.00379425538282163,0.014511327197777,-0.00270334083660817,52255.8030135714,62.3328568571429,1777.82854342857,52679.4285714286,0.0806050718558247
"2021-04-29",53555.109375,65.010002,1768.099976,58199,32289048,-0.0234296738251345,0.0178479320349849,-0.00288028612709113,52511.9224331429,62.8442857142857,1775.95711842857,51385.4285714286,0.0542647428759775
"2021-04-30",57750.175781,63.580002,1767.300049,57922,32346970,0.0754151877166329,-0.0222421480417863,-0.000452524188490067,53462.8543527143,63.0500004285714,1774.57141114286,50745.8571428571,-0.00477088637402723
