,Date,NewCases,Energy,Materials,Industrials,Consumer.Discretionary,Consumer.Staples,Health.Care,Financials,Information.Technology,Communication.Services,Utilities,Real.Estate
1,2020/1/1,0,460.17,381.035,700.025,999.005,641.335,1190.225,516.105,1639.06,184.015,323.41,237.07
2,2020/1/2,0,460.34,381.07,700.05,999.01,641.67,1190.45,516.21,1639.12,184.03,323.82,237.14
3,2020/1/3,0,458.77,374.88,699.23,990.5,640.55,1180.33,510.52,1621.68,183.01,324.18,239.06
4,2020/1/4,0,459.96,374.3166667,699.1666667,991.7066667,641.0566667,1182.643333,510.4233333,1623.246667,183.7533333,324.4466667,239.1266667
5,2020/1/5,0,461.15,373.7533333,699.1033333,992.9133333,641.5633333,1184.956667,510.3266667,1624.813333,184.4966667,324.7133333,239.1933333
6,2020/1/6,0,462.34,373.19,699.04,994.12,642.07,1187.27,510.23,1626.38,185.24,324.98,239.26
7,2020/1/7,0,461.39,372.41,698.18,992.87,637.39,1184.41,506.82,1624.59,185.17,324.34,236.4
8,2020/1/8,0,453.36,374.25,699.78,994.37,640.26,1192.03,509.56,1641.38,186.44,324.33,237.4
9,2020/1/9,0,456.79,375.48,702.98,999.92,644.96,1197.64,513.48,1659.95,186.92,326.03,237.55
10,2020/1/10,0,453.87,373.89,697.97,994.48,644.13,1198.13,509.47,1656.82,186.63,326.82,239.8
11,2020/1/11,0,453.9966667,375.5833333,700.0333333,995.5433333,645.5966667,1196.72,510.7066667,1664.243333,187.1133333,327.5366667,240.79
12,2020/1/12,0,454.1233333,377.2766667,702.0966667,996.6066667,647.0633333,1195.31,511.9433333,1671.666667,187.5966667,328.2533333,241.78
13,2020/1/13,0,454.25,378.97,704.16,997.67,648.53,1193.9,513.18,1679.09,188.08,328.97,242.77
14,2020/1/14,0,454.26,377.51,704.15,996.51,648.68,1200.43,511.95,1669.08,187.52,329.88,241.57
15,2020/1/15,0,451.21,379.93,704.75,993.95,652.87,1210.62,509.14,1670.26,188.15,334.52,243.44
16,2020/1/16,0,451.74,382.12,711.84,1002.85,654.89,1216.96,513.07,1693.66,189.4,336.55,245.37
17,2020/1/17,0,448.77,383.98,711.83,1005.68,656.56,1217.69,515.28,1705.75,191.1,339.11,245.7
18,2020/1/18,0,446.6575,382.9575,709.8975,1005.2525,657.12,1217.8175,514.1675,1705.395,191.0775,339.82,246.3575
19,2020/1/19,0,444.545,381.935,707.965,1004.825,657.68,1217.945,513.055,1705.04,191.055,340.53,247.015
20,2020/1/20,0,442.4325,380.9125,706.0325,1004.3975,658.24,1218.0725,511.9425,1704.685,191.0325,341.24,247.6725
21,2020/1/21,0,440.32,379.89,704.1,1003.97,658.8,1218.2,510.83,1704.33,191.01,341.95,248.33
22,2020/1/22,0,436.39,378.4,700.02,1002.92,659.44,1219.64,512.19,1710.58,191.12,342.96,246.37
23,2020/1/23,0,434.81,377.88,707.9,1004.12,657.7,1213.6,510.99,1718.85,190.47,346.11,248.75
24,2020/1/24,1,429.71,375.28,704.53,990.75,653.43,1193.25,504.03,1711.11,188.48,347.25,248.17
25,2020/1/25,0,425.7633333,372.6533333,700.1466667,985.7133333,652.7366667,1190.236667,501.4466667,1697.633333,187.4166667,346.9,247.8266667
26,2020/1/26,3,421.8166667,370.0266667,695.7633333,980.6766667,652.0433333,1187.223333,498.8633333,1684.156667,186.3533333,346.55,247.4833333
27,2020/1/27,0,417.87,367.4,691.38,975.64,651.35,1184.21,496.28,1670.68,185.29,346.2,247.14
28,2020/1/28,0,419.59,371,695.72,985.22,652.12,1189.86,501.89,1701.97,187.48,347.48,247.88
29,2020/1/29,1,415.12,372.35,699.57,984.65,648.73,1186.54,501.09,1705.61,186.67,348.53,246.33
30,2020/1/30,0,418.79,370.16,700.16,983.92,655.54,1177.34,507.35,1720.68,185.19,351.64,246.98
31,2020/1/31,2,405.45,361.99,684.12,992.01,648.25,1153.96,497.1,1673.91,182.84,350.08,243.62
32,2020/2/1,0,403.64,364.5666667,684.0266667,993.9933333,648.23,1157.52,498.0866667,1681.27,183.6133333,350.46,243.7266667
33,2020/2/2,0,401.83,367.1433333,683.9333333,995.9766667,648.21,1161.08,499.0733333,1688.63,184.3866667,350.84,243.8333333
34,2020/2/3,3,400.02,369.72,683.84,997.96,648.19,1164.64,500.06,1695.99,185.16,351.22,243.94
35,2020/2/4,0,400.81,376.17,696.42,1015.54,651.73,1184.41,505.25,1740.06,186.46,347.61,246.84
36,2020/2/5,0,415.97,383.18,707.99,1020.57,656.67,1207.71,515.2,1750.55,186.55,349.07,246.67
37,2020/2/6,1,411.64,382.87,710.17,1018.97,658.84,1209.05,514.33,1766,188.68,348.98,247.66
38,2020/2/7,0,408.55,377.27,705.2,1016,660.01,1199.27,512.49,1748.74,188.88,347.89,247.78
39,2020/2/8,0,407.4466667,377.29,706.5233333,1020.253333,660.8333333,1201.316667,512.8466667,1756.613333,189.4066667,348.28,248.7933333
40,2020/2/9,0,406.3433333,377.31,707.8466667,1024.506667,661.6566667,1203.363333,513.2033333,1764.486667,189.9333333,348.67,249.8066667
41,2020/2/10,0,405.24,377.33,709.17,1028.76,662.48,1205.41,513.56,1772.36,190.46,349.06,250.82
42,2020/2/11,1,409.47,379.27,711.68,1036.64,660.09,1212.83,515.63,1766.25,189.29,350.39,253.88
43,2020/2/12,0,415.03,381.26,718.21,1046.86,659.83,1214.51,516.01,1785.01,191.03,350.46,255.58
44,2020/2/13,1,413.15,379.81,713.22,1044.33,663.48,1207.93,515.78,1779.68,191.31,354.04,256.87
45,2020/2/14,0,409.82,380.03,712.8,1042.54,665.35,1209.53,516.18,1788.47,191.5,356.33,259.71
46,2020/2/15,0,408.97,379.815,711.8,1042.7525,664.665,1208.4175,515.035,1786.91,191.69,357.03,259.61
47,2020/2/16,0,408.12,379.6,710.8,1042.965,663.98,1207.305,513.89,1785.35,191.88,357.73,259.51
48,2020/2/17,0,407.27,379.385,709.8,1043.1775,663.295,1206.1925,512.745,1783.79,192.07,358.43,259.41
49,2020/2/18,0,406.42,379.17,708.8,1043.39,662.61,1205.08,511.6,1782.23,192.26,359.13,259.31
50,2020/2/19,0,411.79,379.92,708.42,1048.28,662.06,1210.55,515.37,1801.61,192.97,355.2,255.78
51,2020/2/20,0,411.11,380.43,707.25,1048.16,662.73,1203.03,514.7,1783.42,191.8,356.32,258.73
52,2020/2/21,2,405.93,378.91,704.12,1031.02,664.57,1203.41,509.7,1743.28,189.12,355.67,259.71
53,2020/2/22,0,399.52,375.3,697.13,1018.893333,659.0666667,1190.32,504.1366667,1718.96,187.03,354.2933333,258.55
54,2020/2/23,0,393.11,371.69,690.14,1006.766667,653.5633333,1177.23,498.5733333,1694.64,184.94,352.9166667,257.39
55,2020/2/24,0,386.7,368.08,683.15,994.64,648.06,1164.14,493.01,1670.32,182.85,351.54,256.23
56,2020/2/25,0,369.92,352.25,655.63,968.73,636.73,1129.79,476.22,1617.18,178.45,343.93,249.64
57,2020/2/26,0,358.94,351.05,650.42,962.01,633.63,1128.63,473.01,1623.63,178.08,340.61,247.45
58,2020/2/27,1,339.3,334.7,625.79,922.88,607.86,1091.03,452.33,1537.12,170.87,324.63,233.62
59,2020/2/28,0,343.53,330.67,618.39,915.77,595.21,1075.66,440.7,1549.24,171.25,313.85,227.7
60,2020/2/29,8,346.9133333,335.24,624.06,926.44,606.0866667,1092.963333,447.8533333,1578.696667,173.2966667,319.9833333,231.5366667
61,2020/3/1,7,350.2966667,339.81,629.73,937.11,616.9633333,1110.266667,455.0066667,1608.153333,175.3433333,326.1166667,235.3733333
62,2020/3/2,23,353.68,344.38,635.4,947.78,627.84,1127.57,462.16,1637.61,177.39,332.25,239.21
63,2020/3/3,19,342.64,341.78,619.97,925.78,619.62,1098.88,444.92,1575.48,171.49,328.38,238.96
64,2020/3/4,33,350.25,355.49,645.95,957.38,650.13,1162.75,459.55,1642.98,177.63,347.07,248.49
65,2020/3/5,77,337.59,344.05,613.91,921.33,637.18,1134.9,437.12,1590.23,171.06,341.41,242.63
66,2020/3/6,53,318.64,335.02,608.4,908.3,632.29,1129.02,422.74,1557.93,168.93,338.78,238.52
67,2020/3/7,166,297.31,324.6766667,589.7366667,889.5766667,622.9966667,1109.493333,407.36,1518.686667,165.4333333,332.41,232.8366667
68,2020/3/8,116,275.98,314.3333333,571.0733333,870.8533333,613.7033333,1089.966667,391.98,1479.443333,161.9366667,326.04,227.1533333
69,2020/3/9,75,254.65,303.99,552.41,852.13,604.41,1070.44,376.6,1440.2,158.44,319.67,221.47
70,2020/3/10,188,267.37,315.95,581.23,897.98,622.09,1107.57,399.35,1535.19,165.62,322.9,232.52
71,2020/3/11,365,252.77,300.9,546.68,849.84,591.64,1064.27,377.3,1463,158.45,306.44,219.87
72,2020/3/12,439,221.69,271.97,490.22,766.6,537,985.4,336.66,1319.1,144.33,275.2,200.75
73,2020/3/13,633,241.29,290.78,528.6,813.24,582.16,1053.92,381.2,1476.91,157.61,290.48,218.08
74,2020/3/14,759,230.33,279.6933333,508.4333333,780.4866667,568.59,1018.816667,363.4233333,1408.406667,152.1233333,279.3033333,206.05
75,2020/3/15,234,219.37,268.6066667,488.2666667,747.7333333,555.02,983.7133333,345.6466667,1339.903333,146.6366667,268.1266667,194.02
76,2020/3/16,1467,208.41,257.52,468.1,714.98,541.45,948.61,327.87,1271.4,141.15,256.95,181.99
77,2020/3/17,1833,209.92,274.66,487.75,743.78,586.9,1007.95,346.78,1357.53,146.78,290.64,194.62
78,2020/3/18,2657,179.94,257.74,452.86,707.13,568.91,973.71,316.1,1295.22,142.65,277.16,180.1
79,2020/3/19,4494,192.08,263.45,454.35,731.19,552.37,955.54,323.22,1309.57,145.02,262,177.68
80,2020/3/20,6367,193.93,254.16,431.44,711.34,516.28,916.59,312.65,1251.66,138.3,240.57,167.95
81,2020/3/21,5995,189.63,249.9966667,424.98,712.1733333,511.17,901.39,306.2833333,1247.57,138.12,236.2966667,164.84
82,2020/3/22,8873,185.33,245.8333333,418.52,713.0066667,506.06,886.19,299.9166667,1243.48,137.94,232.0233333,161.73
83,2020/3/23,11238,181.03,241.67,412.06,713.84,500.95,870.99,293.55,1239.39,137.76,227.75,158.62
84,2020/3/24,10619,210.56,269.78,464.6,775.51,525.19,937.08,330.99,1367.1,145.77,252.66,172.18
85,2020/3/25,12082,220.02,275.71,489.2,784.01,524.29,948.94,339.78,1363.26,143.46,259.84,179.92
86,2020/3/26,17856,233.76,289.32,520.58,817.74,554.03,1015.18,361.62,1449.82,152.14,281.63,193.97
87,2020/3/27,18690,217.56,278.3,498.02,790.18,550.05,990.69,349.66,1383.04,145.91,283.1,193.83
88,2020/3/28,19630,218.31,281.3166667,500.5266667,795.96,557.2066667,1006.12,352.0066667,1402.56,147.65,286.59,195.5966667
89,2020/3/29,18899,219.06,284.3333333,503.0333333,801.74,564.3633333,1021.55,354.3533333,1422.08,149.39,290.08,197.3633333
90,2020/3/30,22075,219.81,287.35,505.54,807.52,571.52,1036.98,356.7,1441.6,151.13,293.57,199.13
91,2020/3/31,26314,223.4,283.23,499.12,793.11,560.33,1032.9,346.02,1414.36,150.35,281.77,192.64
92,2020/4/1,32259,213.04,270.22,476.24,761.66,550.08,993.02,325.37,1347.68,144.44,264.53,180.87
93,2020/4/2,32232,232.37,274.27,483.2,764.32,566,1020.68,333.4,1378.36,147.07,272.85,183.29
94,2020/4/3,32295,229.26,267.86,475.7,753.09,569.07,1010.87,325.95,1355.6,143.84,262.97,181.9
95,2020/4/4,32390,233.1966667,274.65,486.8333333,772.4966667,576.5066667,1029.056667,334.0533333,1395.263333,147.0533333,269.85,186.2733333
96,2020/4/5,29877,237.1333333,281.44,497.9666667,791.9033333,583.9433333,1047.243333,342.1566667,1434.926667,150.2666667,276.73,190.6466667
97,2020/4/6,31393,241.07,288.23,509.1,811.31,591.38,1065.43,350.26,1474.59,153.48,283.61,195.02
98,2020/4/7,30769,245.9,295.2,508.15,821.32,584.27,1055.49,353.56,1458.93,154.51,280.17,195.25
99,2020/4/8,31215,262.46,309.95,526.68,844.68,592.48,1099.88,369.12,1498.96,157.06,295.33,209.71
100,2020/4/9,35936,259.63,323.19,534.19,856.78,597.14,1106.01,388.28,1499.2,158.14,309.35,220.5
101,2020/4/10,34414,259.365,321.47,530.3725,859.14,596.0075,1103.295,384.805,1499.96,158.1775,306.81,217.9725
102,2020/4/11,29102,259.1,319.75,526.555,861.5,594.875,1100.58,381.33,1500.72,158.215,304.27,215.445
103,2020/4/12,27257,258.835,318.03,522.7375,863.86,593.7425,1097.865,377.855,1501.48,158.2525,301.73,212.9175
104,2020/4/13,26940,258.57,316.31,518.92,866.22,592.61,1095.15,374.38,1502.24,158.29,299.19,210.39
105,2020/4/14,28825,257.37,319.95,528.73,902.48,617.69,1131.35,375.62,1564.86,163.41,308.09,217.24
106,2020/4/15,25406,245.34,305.53,513.82,888.32,608.04,1125.42,359.22,1530.65,161.7,297.74,208.96
107,2020/4/16,30015,235.59,303.9,509.49,905.55,612.9,1150.15,352.99,1549.67,162.39,297.96,207.72
108,2020/4/17,33030,260.17,316.31,533.43,924.09,622.12,1173.93,372.64,1571,164.69,307.83,214.41
109,2020/4/18,27932,257.3133333,313.6333333,528.6366667,920.1833333,617.7966667,1170.883333,370.21,1561.653333,164.1866667,303.8433333,211.74
110,2020/4/19,26096,254.4566667,310.9566667,523.8433333,916.2766667,613.4733333,1167.836667,367.78,1552.306667,163.6833333,299.8566667,209.07
111,2020/4/20,29828,251.6,308.28,519.05,912.37,609.15,1164.79,365.35,1542.96,163.18,295.87,206.4
112,2020/4/21,25917,247.38,300.64,506.51,888.09,595.34,1128.23,353.65,1479.68,157.99,291.12,203.08
113,2020/4/22,28859,256.24,307.03,512.31,906.14,601.74,1146.31,357.5,1536.93,161.76,299.7,206.95
114,2020/4/23,33570,263.96,308.69,516.24,909.04,595.61,1151.83,355.96,1526.34,162.91,294.42,204.49
115,2020/4/24,32327,264.51,313.51,520.2,922.03,602.26,1168.43,360.99,1558.5,164.63,296.27,205.08
116,2020/4/25,30396,266.3633333,316.2666667,524.5733333,925.7033333,602.9166667,1173.55,365.3333333,1563.23,164.9366667,297.3466667,207.13
117,2020/4/26,26501,268.2166667,319.0233333,528.9466667,929.3766667,603.5733333,1178.67,369.6766667,1567.96,165.2433333,298.4233333,209.18
118,2020/4/27,23703,270.07,321.78,533.32,933.05,604.23,1183.79,374.02,1572.69,165.55,299.5,211.23
119,2020/4/28,24577,275.99,328.08,543.13,930.6,606.88,1158.58,377.42,1550.58,162.42,300.56,211.28
120,2020/4/29,26438,296.28,336.5,553.65,952.07,604.41,1167.15,388.77,1615.98,170.62,297.8,212.02
121,2020/4/30,29220,289.65,326.55,542.35,955.81,597.56,1162.03,378.34,1608.6,170.66,290.71,210.61
122,2020/5/1,34926,272.28,319.47,526.21,911.72,590.51,1137.89,365.79,1561.7,167.99,283.6,203.79
123,2020/5/2,27350,275.6466667,319.8966667,523.8766667,913.8166667,590.52,1138.166667,364.6733333,1569.106667,168.17,284.3133333,203.78
124,2020/5/3,24297,279.0133333,320.3233333,521.5433333,915.9133333,590.53,1138.443333,363.5566667,1576.513333,168.35,285.0266667,203.77
125,2020/5/4,24085,282.38,320.75,519.21,918.01,590.54,1138.72,362.44,1583.92,168.53,285.74,203.76
126,2020/5/5,24531,283.12,321.71,521.43,921.2,591.32,1163.21,362.19,1606.48,169.57,288.39,205.04
127,2020/5/6,24560,275.67,315.85,514.31,924.1,584.82,1151.78,353.83,1617.93,168.89,278.26,201.26
128,2020/5/7,27411,282.49,322.59,520.17,936.51,582.4,1151.26,361.68,1642.45,171.53,279.48,202.97
129,2020/5/8,26839,294.75,330.32,533.16,952.09,595.63,1157.47,369.6,1665.4,174.23,285.1,206.76
130,2020/5/9,25136,293.0933333,328.65,530.9433333,952.3933333,595.2433333,1164.036667,367.2066667,1669.263333,174.31,284.6466667,205.9233333
131,2020/5/10,18867,291.4366667,326.98,528.7266667,952.6966667,594.8566667,1170.603333,364.8133333,1673.126667,174.39,284.1933333,205.0866667
132,2020/5/11,19271,289.78,325.31,526.51,953,594.47,1177.17,362.42,1676.99,174.47,283.74,204.25
133,2020/5/12,22948,282.93,320.23,511.55,931.57,589.31,1159.62,352.74,1641.18,171.09,281.18,195.57
134,2020/5/13,20408,270.52,313.24,498.43,920.32,583.95,1146.87,342.14,1613.48,168.32,278.65,192.42
135,2020/5/14,26818,273.07,317.09,503.27,932.38,582.12,1159.19,351.18,1633.76,170.01,281.3,192.6
136,2020/5/15,24747,272.31,320.14,501.72,942.3,586.53,1167.63,348.6,1640.66,172.15,277.34,191.75
137,2020/5/16,24159,279.1633333,325.01,512.78,952.3633333,589.7833333,1171.28,354.7833333,1654.676667,173.3833333,281.1666667,194.9033333
138,2020/5/17,18363,286.0166667,329.88,523.84,962.4266667,593.0366667,1174.93,360.9666667,1668.693333,174.6166667,284.9933333,198.0566667
139,2020/5/18,22390,292.87,334.75,534.9,972.49,596.29,1178.58,367.15,1682.71,175.85,288.82,201.21
140,2020/5/19,21007,284.4,331.4,528.03,971.57,585.85,1164.35,357.89,1675.91,175.13,283.92,197.48
141,2020/5/20,22697,295.26,336.79,537.56,985.3,592.22,1165.78,365.83,1711.36,179.85,285.33,199.16
142,2020/5/21,25766,290.88,333.44,538.45,983.74,586.04,1156.32,364.54,1687.43,179.04,282.46,198.09
143,2020/5/22,23657,288.94,332.86,537.84,982.39,587.98,1158.51,363.6,1694.51,179.85,285.67,202.46
144,2020/5/23,21111,291.04,335.0775,543.5475,985.1175,588.7625,1157.95,368.18,1694.015,179.9775,286.1925,204.0625
145,2020/5/24,20067,293.14,337.295,549.255,987.845,589.545,1157.39,372.76,1693.52,180.105,286.715,205.665
146,2020/5/25,18673,295.24,339.5125,554.9625,990.5725,590.3275,1156.83,377.34,1693.025,180.2325,287.2375,207.2675
147,2020/5/26,19650,297.34,341.73,560.67,993.3,591.11,1156.27,381.92,1692.53,180.36,287.76,208.87
148,2020/5/27,18549,300.79,345.23,579.41,1006.07,600.31,1168.41,398.5,1701.7,181.35,290.83,213.35
149,2020/5/28,22322,292.04,348.08,573.74,995.55,604.8,1183.11,392.28,1698.42,179.62,299.66,216
150,2020/5/29,24473,291.59,348.38,570.15,1002.29,605.78,1198.14,387.52,1718.49,180.89,302.05,214.27
151,2020/5/30,23633,293.2266667,349.0166667,570.5266667,1005.34,607.0333333,1194.123333,389.0166667,1718.616667,181.3733333,303.1266667,215.7733333
152,2020/5/31,18987,294.8633333,349.6533333,570.9033333,1008.39,608.2866667,1190.106667,390.5133333,1718.743333,181.8566667,304.2033333,217.2766667
153,2020/6/1,17436,296.5,350.29,571.28,1011.44,609.54,1186.09,392.01,1718.87,182.34,305.28,218.78
154,2020/6/2,21502,304.37,356.46,578.63,1017.85,610.76,1193.3,395.23,1734.98,183.23,307.11,220.22
155,2020/6/3,19855,313.65,364.59,601.27,1033.72,612.01,1190.92,410.36,1749.28,183.62,311.09,225.51
156,2020/6/4,21639,313.17,365.88,607.57,1028.05,608.4,1181.32,418.46,1734.58,182.14,305.03,221.44
157,2020/6/5,25400,336.52,375.02,630.14,1049.92,617.24,1200.89,434.64,1781.2,185.2,309.17,229.41
158,2020/6/6,21160,341.3666667,375.14,634.2866667,1055.233333,619.2133333,1203.446667,437.1833333,1783.87,185.8933333,311.89,231.0566667
159,2020/6/7,17916,346.2133333,375.26,638.4333333,1060.546667,621.1866667,1206.003333,439.7266667,1786.54,186.5866667,314.61,232.7033333
160,2020/6/8,17637,351.06,375.38,642.58,1065.86,623.16,1208.56,442.27,1789.21,187.28,317.33,234.35
161,2020/6/9,18384,338.46,370.97,626.44,1065.43,617.5,1195.49,432.93,1797.81,187.61,310.6,231.73
162,2020/6/10,21110,321.81,366.84,611.5,1061.21,616.58,1193.84,416.7,1828.24,187.13,308.93,227.3
163,2020/6/11,23133,291.39,338.44,568.41,1009.09,593.11,1126.67,382.62,1721.96,178.44,296.64,213.07
164,2020/6/12,24866,299.28,345.02,579.51,1016.5,592.04,1134.51,394.14,1745.11,180.02,296,219.81
165,2020/6/13,25208,299.3666667,346.0933333,581.3,1019.463333,594.1333333,1135.203333,395.9466667,1750.163333,180.62,296.6166667,220.5533333
166,2020/6/14,18948,299.4533333,347.1666667,583.09,1022.426667,596.2266667,1135.896667,397.7533333,1755.216667,181.22,297.2333333,221.2966667
167,2020/6/15,19819,299.54,348.24,584.88,1025.39,598.32,1136.59,399.56,1760.27,181.82,297.85,222.04
168,2020/6/16,23670,307.99,355.57,596.22,1045.88,607.87,1164.27,405.29,1798.25,184.03,299.22,225.93
169,2020/6/17,27064,297.89,352.88,592.26,1046.66,606.67,1163.36,399.73,1798.83,184.17,298.3,223.37
170,2020/6/18,28526,301.45,353.04,590.29,1044.5,609.93,1159.85,399.37,1807.54,184.15,298.17,220.38
171,2020/6/19,31562,296.4,351.93,582.81,1039.83,606.01,1169.95,396.68,1793.72,183.56,288.92,218.11
172,2020/6/20,32270,297.0233333,352.3966667,583.19,1043.65,605.4666667,1168.546667,396.0466667,1805.256667,183.8766667,290.2133333,217.9266667
173,2020/6/21,25148,297.6466667,352.8633333,583.57,1047.47,604.9233333,1167.143333,395.4133333,1816.793333,184.1933333,291.5066667,217.7433333
174,2020/6/22,32152,298.27,353.33,583.95,1051.29,604.38,1165.74,394.78,1828.33,184.51,292.8,217.56
175,2020/6/23,37075,298.5,354.07,583.95,1062.23,603.54,1170.82,396.43,1841.13,185.65,289.7,216.79
176,2020/6/24,35876,281.97,343.64,563.44,1041.21,593.62,1139.72,382.51,1798.92,181.1,286.98,211.03
177,2020/6/25,40317,287.39,348.1,569.72,1044.4,598.04,1151.43,392.86,1822.34,182.14,283.48,213.32
178,2020/6/26,45994,277.3,343.27,559.4,1020.03,585.69,1137.37,375.84,1785.68,173.97,280.56,209.45
179,2020/6/27,41346,278.62,345.46,565.35,1024.54,589.3,1140.593333,377.08,1792.273333,175.1566667,282.3033333,210.6333333
180,2020/6/28,40730,279.94,347.65,571.3,1029.05,592.91,1143.816667,378.32,1798.866667,176.3433333,284.0466667,211.8166667
181,2020/6/29,41283,281.26,349.84,577.25,1033.56,596.52,1147.04,379.56,1805.46,177.53,285.79,213
182,2020/6/30,46430,287.46,354.83,581,1051.42,601.33,1167.8,385.49,1840.1,179.88,286.96,216.39
183,2020/7/1,51819,280.3,355.52,578.19,1069.88,601.63,1176.09,381.5,1842.03,183.9,293.53,221.96
184,2020/7/2,56629,283.46,362.11,582.8,1074.07,604.43,1184.43,381.75,1851.33,183.78,294.2,221.21
185,2020/7/3,51361,283.7225,363.435,584.96,1082.7025,605.23,1187.4075,383.61,1859.6725,184.7675,293.26,221.305
186,2020/7/4,45681,283.985,364.76,587.12,1091.335,606.03,1190.385,385.47,1868.015,185.755,292.32,221.4
187,2020/7/5,50768,284.2475,366.085,589.28,1099.9675,606.83,1193.3625,387.33,1876.3575,186.7425,291.38,221.495
188,2020/7/6,43085,284.51,367.41,591.44,1108.6,607.63,1196.34,389.19,1884.7,187.73,290.44,221.59
189,2020/7/7,60654,275.46,367.35,579.97,1089.49,613.74,1186.07,381.12,1864.78,187.03,289.43,218.04
190,2020/7/8,60119,275.17,361.99,579.78,1106.19,612.46,1186.27,385.14,1894.65,188.77,292.01,217.69
191,2020/7/9,62496,261.81,358.61,567.38,1114.73,607.85,1176.56,376.87,1901.82,188.7,288.19,216.96
192,2020/7/10,68055,270.32,364.88,574.69,1125.92,619.33,1173.97,389.97,1901.29,192.39,293.66,217.32
193,2020/7/11,60033,269.8366667,364.8633333,575.49,1119.433333,618.8466667,1176.04,390.3866667,1887.853333,191.13,293.7,216.1366667
194,2020/7/12,58438,269.3533333,364.8466667,576.29,1112.946667,618.3633333,1178.11,390.8033333,1874.416667,189.87,293.74,214.9533333
195,2020/7/13,58896,268.87,364.83,577.09,1106.46,617.88,1180.18,391.22,1860.98,188.61,293.78,213.77
196,2020/7/14,68036,278.56,374.1,589.67,1113.07,627.32,1203.28,393.95,1883.27,190.31,296.64,215.85
197,2020/7/15,68120,284.02,380.33,604.71,1118.24,627.39,1219.14,401.47,1893.25,190.86,295.34,216.95
198,2020/7/16,75820,282.57,381.69,604.74,1115.2,628.77,1217.06,401.26,1870.12,191.43,299.25,214.37
199,2020/7/17,72261,278.27,384.72,608.04,1107.71,631.38,1233.67,397.87,1879.14,190.61,306.08,217.37
200,2020/7/18,62535,276.6666667,383.64,605.6966667,1119.296667,629.3533333,1233.63,397.38,1895.313333,191.4033333,304.6933333,216.6433333
201,2020/7/19,60476,275.0633333,382.56,603.3533333,1130.883333,627.3266667,1233.59,396.89,1911.486667,192.1966667,303.3066667,215.9166667
202,2020/7/20,62090,273.46,381.48,601.01,1142.47,625.3,1233.55,396.4,1927.66,192.99,301.92,215.19
203,2020/7/21,64520,290.28,384.73,608.86,1138.34,631.43,1232.87,403.96,1907.19,192.2,303.32,215.21
204,2020/7/22,70564,286.39,389.05,613.87,1142.07,636.28,1243.35,403.61,1922.98,192.28,307.97,217.89
205,2020/7/23,68440,285.79,388.02,611.76,1118.87,637.44,1238.28,404.33,1872.42,188.54,308.32,216.82
206,2020/7/24,73323,284.11,386.76,606.87,1122.55,636.52,1224.52,402.85,1850.21,188.43,306.37,215.96
207,2020/7/25,64915,284.31,388.5833333,607.6666667,1125.803333,637.6733333,1227.476667,401.76,1860.153333,188.92,305.0833333,216.7633333
208,2020/7/26,54775,284.51,390.4066667,608.4633333,1129.056667,638.8266667,1230.433333,400.67,1870.096667,189.41,303.7966667,217.5666667
209,2020/7/27,56851,284.71,392.23,609.26,1132.31,639.98,1233.39,399.58,1880.04,189.9,302.51,218.37
210,2020/7/28,66457,279.73,383.66,605.24,1118.41,641.87,1231.63,398.45,1857.09,188.15,307.22,222.85
211,2020/7/29,71853,285.7,386.94,614.28,1130.21,642.86,1244.95,406.48,1884.94,189.62,308.56,227.07
212,2020/7/30,67457,273.99,379.34,608.33,1131.37,642.89,1235.39,399.02,1894.94,190.22,308.5,225.18
213,2020/7/31,68719,272.09,379.77,605.88,1145.81,642.01,1228.58,399.06,1942.39,191.69,309.12,224.82
214,2020/8/1,56184,272.33,378.96,606.69,1143.716667,641.4733333,1232.85,399.3166667,1958.5,191.6733333,307.9466667,223.72
215,2020/8/2,45545,272.57,378.15,607.5,1141.623333,640.9366667,1237.12,399.5733333,1974.61,191.6566667,306.7733333,222.62
216,2020/8/3,45529,272.81,377.34,608.31,1139.53,640.4,1241.39,399.83,1990.72,191.64,305.6,221.52
217,2020/8/4,58801,279.51,382.36,609.97,1148.91,649.09,1235.79,398.07,1995.05,192.29,308.88,224.53
218,2020/8/5,54457,282.46,388.22,621.97,1165.04,647.64,1241.86,403.89,2002.02,192.76,305.02,223.1
219,2020/8/6,59357,280.45,386.57,623.94,1170.85,647.75,1234.73,403.29,2031.17,197.49,306.6,223.31
220,2020/8/7,59297,280.59,388.01,634.74,1167.41,651.18,1239.1,412.08,1999.45,197.39,312.12,226.33
221,2020/8/8,54119,283.4733333,389.2933333,639.8766667,1170.073333,652.1633333,1237.693333,412.9633333,1997.256667,197.09,312.02,226.2066667
222,2020/8/9,45754,286.3566667,390.5766667,645.0133333,1172.736667,653.1466667,1236.286667,413.8466667,1995.063333,196.79,311.92,226.0833333
223,2020/8/10,47624,289.24,391.86,650.15,1175.4,654.13,1234.88,414.73,1992.87,196.49,311.82,225.96
224,2020/8/11,48001,288.55,391.16,653.59,1167.93,649.53,1226.88,420.12,1957.33,193.93,305.17,221.74
225,2020/8/12,56049,290.07,393.64,655.94,1187.44,658.21,1247.96,418.9,2002.61,196.35,309.61,224.67
226,2020/8/13,51314,284.31,393.35,651.68,1186.76,656.96,1245.9,416.33,2003.46,197.09,308.43,221.91
227,2020/8/14,65340,286.99,393.93,654.39,1185.62,656.81,1243.21,417.39,2001.52,196.89,305.62,222.22
228,2020/8/15,46921,286.3866667,394.4233333,653.31,1190.386667,658.04,1245.63,415.2533333,2006.006667,196.9533333,305.4733333,222.88
229,2020/8/16,39192,285.7833333,394.9166667,652.23,1195.153333,659.27,1248.05,413.1166667,2010.493333,197.0166667,305.3266667,223.54
230,2020/8/17,36676,285.18,395.41,651.15,1199.92,660.5,1250.47,410.98,2014.98,197.08,305.18,224.2
231,2020/8/18,45034,280.29,393.98,647.64,1217.44,662.85,1250.04,408.22,2022.92,199.23,303.69,223.86
232,2020/8/19,47359,277.05,392.72,645.8,1208.71,657.98,1245.63,407.91,2017.41,198.34,302.73,219.35
233,2020/8/20,44040,271.15,391.06,642.7,1210.45,656.31,1242.04,404.26,2046.41,201.06,300.05,221.72
234,2020/8/21,48829,269.45,388.97,644.59,1214.27,658.05,1243.13,403.18,2071.21,200.3,300.44,222.26
235,2020/8/22,43045,271.9233333,391.2033333,648.4433333,1219.526667,659.8933333,1240.903333,406.2966667,2077.233333,201.0066667,301.3733333,222.44
236,2020/8/23,34232,274.3966667,393.4366667,652.2966667,1224.783333,661.7366667,1238.676667,409.4133333,2083.256667,201.7133333,302.3066667,222.62
237,2020/8/24,36522,276.87,395.67,656.15,1230.04,663.58,1236.45,412.53,2089.28,202.42,303.24,222.8
238,2020/8/25,40360,272.94,394.39,655.54,1236.56,662.73,1245.11,413.65,2100.18,204.38,300.45,223.48
239,2020/8/26,45166,266.85,398.23,655.85,1254.67,663.41,1243.59,411.67,2143.23,211.97,296.83,221.82
240,2020/8/27,45380,267.52,397.28,658,1245.67,667.47,1253.32,418.84,2143.83,209.23,297.71,224.86
241,2020/8/28,46848,272.48,401.66,664.07,1251.82,673.67,1255.85,420.73,2164.42,209.9,298.5,226.49
242,2020/8/29,42731,270.4866667,399.67,661.4533333,1252.516667,672.9566667,1257.193333,418.9966667,2167.013333,209.6133333,298.82,225.85
243,2020/8/30,34381,268.4933333,397.68,658.8366667,1253.213333,672.2433333,1258.536667,417.2633333,2169.606667,209.3266667,299.14,225.21
244,2020/8/31,35388,266.5,395.69,656.22,1253.91,671.53,1259.88,415.53,2172.2,209.04,299.46,224.57
245,2020/9/1,41864,264.05,406.58,662.5,1267.62,672.24,1247.56,416.43,2212.54,211.21,296.06,224.23
246,2020/9/2,41014,262.95,415.86,673.29,1283.28,684.99,1273.61,422.68,2232.92,215.83,305.31,229.25
247,2020/9/3,44210,261.18,404.32,654.42,1237.57,672.07,1238.68,415.99,2102.78,208.61,301.47,225.49
248,2020/9/4,50393,260.32,404.85,655.8,1220.14,670.48,1229.65,419.21,2074.52,204.6,299.79,224.44
249,2020/9/5,43088,257.9075,402.7525,652.6275,1213.7775,667.0125,1224.4975,416.4925,2050.71,203.37,299.345,223.72
250,2020/9/6,31169,255.495,400.655,649.455,1207.415,663.545,1219.345,413.775,2026.9,202.14,298.9,223
251,2020/9/7,23567,253.0825,398.5575,646.2825,1201.0525,660.0775,1214.1925,411.0575,2003.09,200.91,298.455,222.28
252,2020/9/8,27393,250.67,396.46,643.11,1194.69,656.61,1209.04,408.34,1979.28,199.68,298.01,221.56
253,2020/9/9,34057,252.21,406.7,653.19,1222.32,666.37,1230.48,412.07,2045.52,201.51,301.76,224.28
254,2020/9/10,36073,242.96,402.88,644.91,1200.68,658.03,1211.4,406.25,1998.97,198.34,296.41,220.99
255,2020/9/11,47778,243.58,408.16,653.85,1196.89,662.06,1216.07,409.33,1983.99,197.76,297.4,220.38
256,2020/9/12,41062,244.0833333,410.0266667,656.71,1199.673333,663.09,1221.54,411.12,1997.69,197.8466667,298.6933333,221.9633333
257,2020/9/13,34351,244.5866667,411.8933333,659.57,1202.456667,664.12,1227.01,412.91,2011.39,197.9333333,299.9866667,223.5466667
258,2020/9/14,34428,245.09,413.76,662.43,1205.24,665.15,1232.48,414.7,2025.09,198.02,301.28,225.13
259,2020/9/15,39507,243.22,415.72,662.95,1217.64,664.47,1234.48,409.04,2045.28,201.42,303.49,228.26
260,2020/9/16,39018,253.06,416.01,669.49,1205.26,661.08,1231.71,413.56,2013.4,198.99,302.84,229.49
261,2020/9/17,45137,253.58,419.18,671.06,1186.13,656.76,1227.91,409.42,1996.42,195.34,300.35,224.47
262,2020/9/18,49284,250.65,411.95,663.78,1169,650.71,1226.34,408.43,1963.28,193.19,294.96,220.08
263,2020/9/19,42159,247.9166667,407.2733333,656.2966667,1164.71,649.2633333,1218.8,405.0333333,1968.233333,192.4233333,294.39,218.0733333
264,2020/9/20,38415,245.1833333,402.5966667,648.8133333,1160.42,647.8166667,1211.26,401.6366667,1973.186667,191.6566667,293.82,216.0666667
265,2020/9/21,51972,242.45,397.92,641.33,1156.13,646.37,1203.72,398.24,1978.14,190.89,293.25,214.06
266,2020/9/22,39862,239.96,398.76,647.93,1190.32,650.53,1201.45,394.88,2010.71,194.47,295.13,216.76
267,2020/9/23,39062,229.05,387.07,636.51,1163.66,640.35,1188.52,386.22,1946.14,189.25,290.39,210.45
268,2020/9/24,47111,229.24,389.79,637.05,1165.13,645.24,1182.29,386.97,1958.17,190,293.78,211.23
269,2020/9/25,48282,229.09,392.92,646.54,1183.4,647.9,1201.81,391.1,2005.16,192.42,298.51,215.36
270,2020/9/26,44652,230.8666667,395.0266667,650.4366667,1192.003333,650.3666667,1205.093333,394.0566667,2017.546667,193.1833333,298.77,216.58
271,2020/9/27,37508,232.6433333,397.1333333,654.3333333,1200.606667,652.8333333,1208.376667,397.0133333,2029.933333,193.9466667,299.03,217.8
272,2020/9/28,33235,234.42,399.24,658.23,1209.21,655.3,1211.66,399.97,2042.32,194.71,299.29,219.02
273,2020/9/29,43448,228.03,396.35,652.39,1199.7,651.25,1210.72,395.37,2036.1,195.26,299.06,217.76
274,2020/9/30,39434,227.49,400.01,650.68,1207.69,659.14,1231.02,400.28,2054.56,195.49,301.86,218.95
275,2020/10/1,45653,220.36,394.46,648.74,1226.01,662.44,1225.24,401.18,2074.28,198.17,304.95,222.34
276,2020/10/2,54962,222.55,397.67,655.83,1213.1,658.43,1214.11,404,2021.4,194.22,308.41,225.85
277,2020/10/3,48535,224.7166667,400.22,659.3933333,1219.56,660.13,1222.573333,406.1366667,2036.663333,195.2733333,309.71,226.3
278,2020/10/4,35715,226.8833333,402.77,662.9566667,1226.02,661.83,1231.036667,408.2733333,2051.926667,196.3266667,311.01,226.75
279,2020/10/5,39449,229.05,405.32,666.52,1232.48,663.53,1239.5,410.41,2067.19,197.38,312.31,227.2
280,2020/10/6,45256,225.56,400.21,658.49,1206.24,659.12,1223.27,406.16,2034.23,193.47,314.98,225.43
281,2020/10/7,51062,228.82,410.68,673.1,1235.99,666.94,1246.4,413.23,2072.75,195.17,316.97,226.06
282,2020/10/8,58593,237.46,415.01,679.36,1241.47,670.87,1252.28,418.84,2082,197.05,322.68,229.64
283,2020/10/9,56381,233.68,418.02,682.05,1260.08,676.06,1263.33,419.12,2114.08,198.57,322.55,228.95
284,2020/10/10,54918,233.9233333,417.81,683.37,1269.1,678.72,1266.166667,420.71,2133.213333,200.17,323.28,229.3233333
285,2020/10/11,45941,234.1666667,417.6,684.69,1278.12,681.38,1269.003333,422.3,2152.346667,201.77,324.01,229.6966667
286,2020/10/12,41842,234.41,417.39,686.01,1287.14,684.04,1271.84,423.89,2171.48,203.37,324.74,230.07
287,2020/10/13,52248,230.76,413.48,678.71,1287.57,683.98,1262.7,415.99,2157.82,204.07,322.45,226.17
288,2020/10/14,59765,231.47,414.92,682.35,1269.19,680.44,1253.94,411.55,2146,201.66,321.96,223.54
289,2020/10/15,64888,234.18,413.8,684.71,1270.3,680.54,1244.88,414.87,2136.47,200.34,321.78,224.58
290,2020/10/16,69146,228.78,416.43,689.55,1257.8,681.08,1257.6,415.21,2130.53,200.36,325.27,223.66
291,2020/10/17,56736,227.1766667,414.7733333,686.7033333,1251.2,678.04,1250.716667,413.03,2117.213333,199.11,324.3433333,222.5033333
292,2020/10/18,49340,225.5733333,413.1166667,683.8566667,1244.6,675,1243.833333,410.85,2103.896667,197.86,323.4166667,221.3466667
293,2020/10/19,67752,223.97,411.46,681.01,1238,671.96,1236.95,408.67,2090.58,196.61,322.49,220.19
294,2020/10/20,61971,226.51,412.62,684.7,1246.19,671.25,1238.56,412.01,2098.58,198.19,324.32,221.79
295,2020/10/21,63283,222.01,411.24,677.92,1238.34,672.06,1232.76,410.28,2095.83,200.74,323.64,220.97
296,2020/10/22,76300,231.24,413.14,683.01,1238.94,670.57,1251.08,417.99,2085.95,202.44,328.35,219.28
297,2020/10/23,81949,229.96,414.64,685.74,1249.95,671.61,1255.97,419.47,2083.46,204.62,329.11,220.77
298,2020/10/24,82729,227.3033333,411.2366667,680.0266667,1243.966667,668.7633333,1251.323333,416.3466667,2068.413333,203.0733333,329.0533333,219.8833333
299,2020/10/25,62140,224.6466667,407.8333333,674.3133333,1237.983333,665.9166667,1246.676667,413.2233333,2053.366667,201.5266667,328.9966667,218.9966667
300,2020/10/26,67403,221.99,404.43,668.6,1232,663.07,1242.03,410.1,2038.32,199.98,328.94,218.11
301,2020/10/27,76843,218.92,400.48,654.04,1239.06,661.46,1233.48,402.27,2048.93,201.08,328.7,215.41
302,2020/10/28,79404,209.69,388.98,632.4,1197.42,642.15,1193.7,392.34,1960.21,192.98,319.04,210.22
303,2020/10/29,91052,216.41,397.45,641.58,1208.3,642.43,1185.17,395.01,1997.33,198.51,319.92,213.04
304,2020/10/30,99240,216.82,396.87,641.01,1172.03,639.46,1184.32,396.09,1948.66,196.55,316.92,211.46
305,2020/10/31,89695,219.47,401.36,646.8533333,1173.206667,642.9333333,1191.516667,398.6533333,1950.886667,196.6066667,319.2766667,213.2466667
306,2020/11/1,104848,222.12,405.85,652.6966667,1174.383333,646.4066667,1198.713333,401.2166667,1953.113333,196.6633333,321.6333333,215.0333333
307,2020/11/2,85308,224.77,410.34,658.54,1175.56,649.88,1205.91,403.78,1955.34,196.72,323.99,216.82
308,2020/11/3,127116,223.09,416.71,677.69,1199.38,660.41,1223.3,412.65,1990.56,199.51,328.71,220.36
309,2020/11/4,104608,223.45,409.83,670.97,1237.02,660.78,1277.71,407.42,2066.85,207.99,323.47,220.98
310,2020/11/5,129354,223.36,426.44,686.25,1262.05,665.98,1280.07,417.44,2131.38,211.67,326.52,221.67
311,2020/11/6,128005,218.58,427.15,687.16,1258.63,668.93,1282.04,414.07,2137.67,211.48,325.77,220.74
312,2020/11/7,127450,228.9433333,430.35,694.82,1251.94,667.9066667,1285.153333,425.3433333,2132.47,211.3,327.7466667,222.6333333
313,2020/11/8,115072,239.3066667,433.55,702.48,1245.25,666.8833333,1288.266667,436.6166667,2127.27,211.12,329.7233333,224.5266667
314,2020/11/9,120573,249.67,436.75,710.14,1238.56,665.86,1291.38,447.89,2122.07,210.94,331.7,226.42
315,2020/11/10,140496,255.97,441.71,722.88,1224.78,679.08,1295.95,451.14,2080.98,210.27,336.42,227.6
316,2020/11/11,146626,253.82,435.67,716.55,1243.18,684.93,1293.81,448.89,2131.23,211.46,337.58,229.36
317,2020/11/12,164839,245.21,426.23,708.21,1228.51,683.51,1288.6,441.35,2111.15,210.46,331.75,227.03
318,2020/11/13,180389,254.55,433.23,723.41,1244.78,692.85,1305.4,448.35,2129.22,213.16,334.81,232.2
319,2020/11/14,167761,260.0633333,436.1166667,729.39,1249.03,694.7966667,1304.556667,451.7533333,2136.156667,213.6033333,335.9033333,232.5933333
320,2020/11/15,136224,265.5766667,439.0033333,735.37,1253.28,696.7433333,1303.713333,455.1566667,2143.093333,214.0466667,336.9966667,232.9866667
321,2020/11/16,162945,271.09,441.89,741.35,1257.53,698.69,1302.87,458.56,2150.03,214.49,338.09,233.38
322,2020/11/17,163922,272.44,440.16,739.26,1253.7,694.36,1293.3,457.62,2138.21,213.59,331.28,233.65
323,2020/11/18,173177,264.6,436.56,735.92,1243.98,685.31,1270.51,453.45,2114.41,211.52,324.87,229.74
324,2020/11/19,191548,268.65,438.42,737.69,1249.68,687.24,1268.74,454.78,2132.07,212.39,321.53,230.02
325,2020/11/20,198297,267.24,437.84,730.99,1243.31,682.83,1266.25,450.77,2109.68,211.22,321.68,228.51
326,2020/11/21,179274,273.5533333,439.1,734.98,1246.66,682.9466667,1264.973333,453.6,2109.446667,211.2533333,321.6633333,228.2533333
327,2020/11/22,146784,279.8666667,440.36,738.97,1250.01,683.0633333,1263.696667,456.43,2109.213333,211.2866667,321.6466667,227.9966667
328,2020/11/23,174449,286.18,441.62,742.96,1253.36,683.18,1262.42,459.26,2108.98,211.32,321.63,227.74
329,2020/11/24,175514,300.95,452.65,756.3,1269.93,687.8,1266.01,475.46,2138.19,216.17,325.21,227.68
330,2020/11/25,183287,293.66,447.76,750.4,1277.27,687.22,1260.66,473.5,2142.99,215.65,325.6,228.17
331,2020/11/26,112322,291.825,448.645,749.575,1278.71,687.025,1266.67,472.51,2148.46,216.32,324.03,227.915
332,2020/11/27,208188,289.99,449.53,748.75,1280.15,686.83,1272.68,471.52,2153.93,216.99,322.46,227.66
333,2020/11/28,155533,284.8,448.1566667,746.25,1277.24,686.6766667,1273.89,468.4966667,2158.653333,216.43,320.8833333,227.0466667
334,2020/11/29,140234,279.61,446.7833333,743.75,1274.33,686.5233333,1275.1,465.4733333,2163.376667,215.87,319.3066667,226.4333333
335,2020/11/30,160570,274.42,445.41,741.25,1271.42,686.37,1276.31,462.45,2168.1,215.31,317.73,225.82
336,2020/12/1,188219,275.62,449.96,740.02,1283.97,692.41,1286.61,469.71,2198.66,219.53,320.1,228.68
337,2020/12/2,202557,284.3,443.76,740.88,1275.02,687.22,1296.94,474.66,2193.89,221.75,322.24,226.12
338,2020/12/3,223613,287.34,440.76,742.89,1276.47,687.61,1294.77,474.69,2191.59,220.87,318.69,227.78
339,2020/12/4,232785,302.94,449.7,751.94,1274.78,692.93,1308.88,480.05,2213.9,220.99,315.37,230.8
340,2020/12/5,215542,300.4766667,448.65,750.7266667,1273.913333,692.1633333,1306.176667,478.9233333,2215.85,221.4433333,315.95,230.0733333
341,2020/12/6,181012,298.0133333,447.6,749.5133333,1273.046667,691.3966667,1303.473333,477.7966667,2217.8,221.8966667,316.53,229.3466667
342,2020/12/7,194858,295.55,446.55,748.3,1272.18,690.63,1300.77,476.67,2219.75,222.35,317.11,228.62
343,2020/12/8,224492,300.19,449.31,751.51,1271.6,694.42,1310.26,476.39,2227.42,222.09,316.14,227.47
344,2020/12/9,222539,301.14,449.72,753.31,1265.07,692.13,1306.48,475.41,2185.6,219.42,315.33,225.25
345,2020/12/10,231515,309.95,446.52,746.29,1263.45,688.71,1303.91,476.18,2187.2,218.71,313.72,224.16
346,2020/12/11,239977,306.38,444.19,748.01,1259.81,690.72,1298.49,471.58,2182.24,221.22,314.19,224.15
347,2020/12/12,217585,302.77,442.2166667,744.8133333,1261.72,689.79,1295.09,469.6566667,2185.24,220.8133333,313.6333333,223.4966667
348,2020/12/13,187703,299.16,440.2433333,741.6166667,1263.63,688.86,1291.69,467.7333333,2188.24,220.4066667,313.0766667,222.8433333
349,2020/12/14,194821,295.55,438.27,738.42,1265.54,687.93,1288.29,465.81,2191.24,220,312.52,222.19
350,2020/12/15,209006,301.23,446.53,748.57,1278.83,689.49,1302.04,473.62,2226.54,221.55,318.57,226.03
351,2020/12/16,246700,300.04,445.16,743.97,1292.53,690.32,1297.69,474.19,2243.06,221.16,314.92,226.06
352,2020/12/17,239725,298.33,450.4,748.34,1298.63,694.52,1312.28,475.85,2259.84,220.47,317.19,228.8
353,2020/12/18,251969,293.33,452.71,748.53,1289.04,696.03,1312.65,472.13,2252.06,220.2,314.42,224.62
354,2020/12/19,191906,291.5733333,451.83,747.0866667,1285.726667,693.6033333,1308.43,474.08,2252.606667,219.67,313.0966667,224.0266667
355,2020/12/20,187819,289.8166667,450.95,745.6433333,1282.413333,691.1766667,1304.21,476.03,2253.153333,219.14,311.7733333,223.4333333
356,2020/12/21,199049,288.06,450.07,744.2,1279.1,688.75,1299.99,477.98,2253.7,218.61,310.45,222.84
357,2020/12/22,198011,283.04,447.53,740.19,1274.47,682.91,1295.75,473.37,2273.06,216.44,309.77,224.2
358,2020/12/23,229618,289.2,447.88,743.57,1275.4,684.98,1296.78,480.95,2253.78,217.36,309.16,222.06
359,2020/12/24,194204,287.38,450.45,744.1,1277.28,687.75,1299.88,481.31,2270.6,217.7,311.3,223.92
360,2020/12/25,97646,286.99,450.045,744.3525,1281.9725,689.135,1300.7525,481.925,2277.195,218.7125,311.6675,224.3975
361,2020/12/26,226288,286.6,449.64,744.605,1286.665,690.52,1301.625,482.54,2283.79,219.725,312.035,224.875
362,2020/12/27,155635,286.21,449.235,744.8575,1291.3575,691.905,1302.4975,483.155,2290.385,220.7375,312.4025,225.3525
363,2020/12/28,174634,285.82,448.83,745.11,1296.05,693.29,1303.37,483.77,2296.98,221.75,312.77,225.83
364,2020/12/29,200252,283.93,447.88,740.08,1298.86,691.64,1309.07,482.11,2284.97,221.42,312.61,224.24
365,2020/12/30,233684,288.48,453.88,744.99,1302.76,690.8,1309.08,484.02,2284.47,219.79,314.09,225.04
366,2020/12/31,235667,286.14,455.71,749.54,1302.56,696.32,1324.01,490.43,2291.28,221.92,319.07,227.9
367,2021/1/1,153628,286.23,454.5425,744.765,1298.8825,694.4125,1322.23,488.7725,2281.0025,221.085,316.9925,226.025
368,2021/1/2,300310,286.32,453.375,739.99,1295.205,692.505,1320.45,487.115,2270.725,220.25,314.915,224.15
369,2021/1/3,208746,286.41,452.2075,735.215,1291.5275,690.5975,1318.67,485.4575,2260.4475,219.415,312.8375,222.275
370,2021/1/4,184282,286.5,451.04,730.44,1287.85,688.69,1316.89,483.8,2250.17,218.58,310.76,220.4
371,2021/1/5,235111,299.49,461.42,737.89,1298.65,688.76,1325.67,485.6,2265.93,219.17,310.86,220.22
372,2021/1/6,255444,308.45,480.27,755.34,1305.21,688.3,1344.35,506.78,2225.02,217.72,318.51,219.02
373,2021/1/7,278290,313.06,484.04,759.48,1328.67,686.07,1362.09,514.23,2283.97,220.77,314.27,219.69
374,2021/1/8,295215,312.78,481.58,757.79,1352.53,689.47,1368.54,513.24,2301.17,221.32,317,222.08
375,2021/1/9,260695,314.4733333,481.5866667,757.6433333,1344.02,687.45,1370.846667,513.97,2293.96,220.0166667,316.0166667,220.8533333
376,2021/1/10,213248,316.1666667,481.5933333,757.4966667,1335.51,685.43,1373.153333,514.7,2286.75,218.7133333,315.0333333,219.6266667
377,2021/1/11,214994,317.86,481.6,757.35,1327,683.41,1375.46,515.43,2279.54,217.41,314.05,218.4
378,2021/1/12,226920,328.98,488.08,765.17,1344.38,681.31,1360.72,520.91,2269.84,214.15,312.42,218.53
379,2021/1/13,230362,326.33,482.91,758.57,1347.14,682.41,1364.15,520.14,2284.59,214.91,318.48,221.56
380,2021/1/14,235707,336.14,481.07,760.8,1337.23,678.51,1358.91,522.77,2262.98,213.12,317.29,222.94
381,2021/1/15,242731,322.58,474.04,751.1,1327.14,675.75,1363.26,513.38,2240.95,213.44,320.35,226.2
382,2021/1/16,201680,324.26,474.51,751.7,1329.0575,675.0025,1365.88,513.935,2248.275,214.44,320.05,225.8925
383,2021/1/17,177782,325.94,474.98,752.3,1330.975,674.255,1368.5,514.49,2255.6,215.44,319.75,225.585
384,2021/1/18,143416,327.62,475.45,752.9,1332.8925,673.5075,1371.12,515.045,2262.925,216.44,319.45,225.2775
385,2021/1/19,176706,329.3,475.92,753.5,1334.81,672.76,1373.74,515.6,2270.25,217.44,319.15,224.97
386,2021/1/20,183236,330.47,477.61,758.3,1364.99,674.44,1381.65,513.19,2316.03,225.3,321.12,229.41
387,2021/1/21,193818,319.12,470.43,752.13,1372.53,671.69,1374.72,507.78,2346.56,225.88,319.15,228.63
388,2021/1/22,190753,317.54,468.43,748.41,1368.13,669.71,1370.9,504.11,2339.12,226.14,319.68,229.33
389,2021/1/23,170613,316.4166667,467.58,746.6933333,1369.536667,671.7333333,1373.886667,502.8266667,2345.953333,226.42,321.7566667,229.96
390,2021/1/24,131062,315.2933333,466.73,744.9766667,1370.943333,673.7566667,1376.873333,501.5433333,2352.786667,226.7,323.8333333,230.59
391,2021/1/25,151969,314.17,465.88,743.26,1372.35,675.78,1379.86,500.26,2359.62,226.98,325.91,231.22
392,2021/1/26,147540,307.5,459.38,736.48,1373.12,682.05,1374.4,496.25,2359.81,228.77,322.67,233.85
393,2021/1/27,153945,303.22,445.62,721.47,1330.2,669.8,1332.42,481.67,2314.41,220.03,313.98,230.6
394,2021/1/28,168610,306.92,453.71,732.34,1335.37,672.95,1352.11,490.9,2324.9,222.78,317.77,231.34
395,2021/1/29,166568,296.52,444.85,717.01,1307.64,659.25,1340.92,480.98,2269.12,218.57,316.02,228.98
396,2021/1/30,142312,297.21,446.57,719.3166667,1319.71,659.29,1342.336667,482.77,2288.103333,219.92,316.5233333,230.71
397,2021/1/31,111997,297.9,448.29,721.6233333,1331.78,659.33,1343.753333,484.56,2307.086667,221.27,317.0266667,232.44
398,2021/2/1,135202,298.59,450.01,723.93,1343.85,659.37,1345.17,486.35,2326.07,222.62,317.53,234.17
399,2021/2/2,115333,301.85,455.9,739.52,1370.76,663.93,1348.92,498.3,2355.9,226.18,320.08,235.13
400,2021/2/3,121641,314.75,456.79,739.92,1360.28,665.02,1339.46,500.85,2348.81,230.85,319.12,234.25
401,2021/2/4,123975,318.16,454.33,748.06,1373.38,669.95,1344.26,512.25,2385.11,232.22,321.42,235.41
402,2021/2/5,134397,321.1,462.08,752.03,1385.96,675.92,1347.65,512.69,2379.86,234.43,323.15,236.22
403,2021/2/6,103987,325.5666667,463.33,754.3,1387.76,676.9333333,1348.3,514.7766667,2388.093333,234.73,322.31,236.3966667
404,2021/2/7,89648,330.0333333,464.58,756.57,1389.56,677.9466667,1348.95,516.8633333,2396.326667,235.03,321.47,236.5733333
405,2021/2/8,90315,334.5,465.83,758.84,1391.36,678.96,1349.6,518.95,2404.56,235.33,320.63,236.75
406,2021/2/9,95632,329.41,462.6,760.45,1383.37,678.05,1351.29,519.49,2399.97,235.82,320.96,237.87
407,2021/2/10,95177,335.48,461.69,759.21,1370.33,677.09,1353.55,519.17,2396.35,237.3,322.21,239.29
408,2021/2/11,105760,330.36,462.35,757.66,1366.17,674.17,1355.74,518.02,2422.53,237.39,319.89,239.02
409,2021/2/12,99638,334.99,467.06,762.72,1368.53,675.23,1365.94,522.92,2434.51,237.55,317.37,238.88
410,2021/2/13,87122,336.885,466.8425,762.63,1367.0175,674.935,1362.4525,525.2375,2432.7125,237.8,316.465,238.2425
411,2021/2/14,65021,338.78,466.625,762.54,1365.505,674.64,1358.965,527.555,2430.915,238.05,315.56,237.605
412,2021/2/15,54186,340.675,466.4075,762.45,1363.9925,674.345,1355.4775,529.8725,2429.1175,238.3,314.655,236.9675
413,2021/2/16,62719,342.57,466.19,762.36,1362.48,674.05,1351.99,532.19,2427.32,238.55,313.75,236.33
414,2021/2/17,70118,347.55,465.57,760.01,1371.36,676.69,1356.79,534.08,2402.23,239.7,314.11,236.53
415,2021/2/18,69924,339.66,462.67,756.26,1373.25,675.81,1347.97,531.43,2391.35,237.89,315.83,236.47
416,2021/2/19,79297,345.23,471.21,768.39,1361.14,667.53,1332.52,537.59,2387.76,235.35,311.06,237.03
417,2021/2/20,71525,349.2266667,471.8033333,769.1633333,1351.386667,667.7,1331.19,539.34,2369.81,235.0966667,309.0466667,237.4566667
418,2021/2/21,57080,353.2233333,472.3966667,769.9366667,1341.633333,667.87,1329.86,541.09,2351.86,234.8433333,307.0333333,237.8833333
419,2021/2/22,56220,357.22,472.99,770.71,1331.88,668.04,1328.53,542.84,2333.91,234.59,305.02,238.31
420,2021/2/23,72263,362.97,474.52,772.88,1325.41,667.86,1326.48,545.54,2328.11,237.06,307.45,239.06
421,2021/2/24,74732,376.2,478.86,787.82,1335.27,667.68,1335.2,556.51,2363.21,238.11,303.92,240.38
422,2021/2/25,77501,368.66,467.4,772.43,1287.06,660.18,1321.95,546.42,2279.75,232.01,300.95,236.56
423,2021/2/26,77346,360.19,461.11,764.55,1294.47,649.39,1311.27,535.64,2293.4,232.08,295.35,232.26
424,2021/2/27,64575,363.2833333,465.0133333,770.9533333,1303.85,651.4966667,1316.616667,541.2166667,2317.693333,233.9,297.48,232.38
425,2021/2/28,51357,366.3766667,468.9166667,777.3566667,1313.23,653.6033333,1321.963333,546.7933333,2341.986667,235.72,299.61,232.5
426,2021/3/1,58229,369.47,472.82,783.76,1322.61,655.71,1327.31,552.37,2366.28,237.54,301.74,232.62
427,2021/3/2,57060,367.31,475.55,781.68,1305.77,654.56,1324.03,550.72,2327.66,235.89,300.91,230.96
428,2021/3/3,67193,372.55,470.58,782.25,1274.68,650.97,1306.45,554.87,2269.8,232.14,297.37,228.26
429,2021/3/4,68051,381.76,460.88,769.69,1248.92,647.5,1289.06,548.17,2218.58,232.22,296.87,226.5
430,2021/3/5,66451,396.54,471.73,788.1,1257.91,661.44,1315.13,558.63,2262.26,237.73,301.59,229.11
431,2021/3/6,58203,396.7366667,473.76,790.86,1257.123333,662.1433333,1313.883333,561.0333333,2243.686667,236.57,302.9833333,229.5133333
432,2021/3/7,41007,396.9333333,475.79,793.62,1256.336667,662.8466667,1312.636667,563.4366667,2225.113333,235.41,304.3766667,229.9166667
433,2021/3/8,45036,397.13,477.82,796.38,1255.55,663.55,1311.39,565.84,2206.54,234.25,305.77,230.32
434,2021/3/9,57642,398.465,483.32,800.575,1281.945,667.815,1316.86,568.795,2239.57,235.825,308.76,232.695
435,2021/3/10,57920,399.8,488.82,804.77,1308.34,672.08,1322.33,571.75,2272.6,237.4,311.75,235.07
436,2021/3/11,62474,400.11,491.51,805.43,1328.75,670.87,1330.59,570.15,2320.84,241.59,310.93,238.6
437,2021/3/12,61523,400.82,492.42,816.2,1330.13,675.66,1332.42,576.35,2304.26,239.41,314.9,242.19
438,2021/3/13,52932,399.15,492.68,818.4333333,1335.34,676.6533333,1335.32,575.2633333,2312.776667,239.87,316.3233333,243.14
439,2021/3/14,38221,397.48,492.94,820.6666667,1340.55,677.6466667,1338.22,574.1766667,2321.293333,240.33,317.7466667,244.09
440,2021/3/15,56666,395.81,493.2,822.9,1345.76,678.64,1341.12,573.09,2329.81,240.79,319.17,245.04
441,2021/3/16,53957,384.62,488.89,811.09,1334.07,679.09,1340.61,566.63,2348.18,243.04,319.49,244.99
442,2021/3/17,59136,388.23,493.31,820.2,1352.82,678.73,1335.15,570.31,2345.57,243.57,314.29,244.6
443,2021/3/18,60538,370.06,490.66,819.78,1317.66,675.52,1332.61,573.52,2278.82,238.8,313.18,242.8
444,2021/3/19,61629,370.11,488.32,813.8,1328.16,677.2,1337.41,566.65,2273.14,240.71,313.87,239.73
445,2021/3/20,55374,368.87,488.3866667,813.53,1331.043333,679.8166667,1341.443333,564.1966667,2287.77,241.3233333,313.7533333,240.62
446,2021/3/21,33768,367.63,488.4533333,813.26,1333.926667,682.4333333,1345.476667,561.7433333,2302.4,241.9366667,313.6366667,241.51
447,2021/3/22,51593,366.39,488.52,812.99,1336.81,685.05,1349.51,559.29,2317.03,242.55,313.52,242.4
448,2021/3/23,53603,361.4,478.26,798.66,1327.23,687.78,1335.59,551.41,2302.31,241.8,318.3,243.24
449,2021/3/24,86960,370.51,481.58,804.49,1307.1,684.7,1334.81,553.81,2274.52,237.79,318.32,241.95
450,2021/3/25,67465,371.44,488.37,817.07,1314.78,691.35,1338.97,562.53,2272.9,237,321.48,243.85
451,2021/3/26,77321,381.18,500.55,831.5,1325.34,703.6,1365.45,572.1,2330.55,236.19,322.73,249.87
452,2021/3/27,62700,379.5766667,499.9933333,831.5233333,1323.563333,706.0266667,1367.256667,570.3333333,2326.576667,236.9966667,323.88,249.7233333
453,2021/3/28,43097,377.9733333,499.4366667,831.5466667,1321.786667,708.4533333,1369.063333,568.5666667,2322.603333,237.8033333,325.03,249.5766667
454,2021/3/29,69429,376.37,498.88,831.57,1320.01,710.88,1370.87,566.8,2318.63,238.61,326.18,249.43
455,2021/3/30,61249,373.35,497.17,834.72,1329.93,702.81,1358.45,570.85,2296.68,238.32,323.17,248.21
456,2021/3/31,67039,369.89,494.71,831.98,1340.91,699.46,1360.34,565.72,2331.06,239.28,325.26,247
457,2021/4/1,79045,379.71,499.3,835.29,1354.13,697.77,1357.4,572.97,2380.03,244.2,325.2,250.9
458,2021/4/2,69831,377.425,500.825,837.935,1361.8475,700.01,1359.6375,574.0325,2392.0775,245.5875,326.09,251.28
459,2021/4/3,63067,375.14,502.35,840.58,1369.565,702.25,1361.875,575.095,2404.125,246.975,326.98,251.66
460,2021/4/4,34972,372.855,503.875,843.225,1377.2825,704.49,1364.1125,576.1575,2416.1725,248.3625,327.87,252.04
461,2021/4/5,77679,370.57,505.4,845.87,1385,706.73,1366.35,577.22,2428.22,249.75,328.76,252.42
462,2021/4/6,60544,369.6,506.58,843.63,1389.56,709.08,1361.46,576.59,2418.97,249.92,330.49,252.87
463,2021/4/7,75038,371.23,497.72,839.89,1388.64,707.72,1358.17,578.95,2432,251.73,330.08,253.24
464,2021/4/8,79878,366.17,498.5,841.63,1395.27,708.25,1359.72,578.91,2466.55,251.53,329.73,251.81
465,2021/4/9,82698,364.35,502.64,849.97,1411.45,707.92,1375.56,583.88,2490.99,251.95,329.5,252.17
466,2021/4/10,66535,363.2033333,503.1666667,850.9333333,1414.066667,708.9833333,1375.786667,584.7266667,2486.966667,251.4433333,329.5766667,252.63
467,2021/4/11,46380,362.0566667,503.6933333,851.8966667,1416.683333,710.0466667,1376.013333,585.5733333,2482.943333,250.9366667,329.6533333,253.09
468,2021/4/12,70230,360.91,504.22,852.86,1419.3,711.11,1376.24,586.42,2478.92,250.43,329.73,253.55
469,2021/4/13,77878,361.26,503.27,849,1434,707.62,1382.34,581.01,2502.59,250.65,333.76,255.16
470,2021/4/14,75375,371.78,506.52,849.91,1417.17,707.05,1380.68,584.87,2473.92,248.49,335.1,253.39
471,2021/4/15,74289,368.5,512.9,853.19,1429,712.74,1404.75,584.25,2518.1,251.65,338.81,258.34
472,2021/4/16,79991,365.19,518.94,854.96,1440.19,717.35,1415.24,588.09,2517.31,251.93,341.56,258.78
473,2021/4/17,52373,365.12,518.18,853.8066667,1434.716667,716.2166667,1415.19,587.5333333,2509.93,251.7,341.0033333,259.0333333
474,2021/4/18,42018,365.05,517.42,852.6533333,1429.243333,715.0833333,1415.14,586.9766667,2502.55,251.47,340.4466667,259.2866667
475,2021/4/19,67933,364.98,516.66,851.5,1423.77,713.95,1415.09,586.42,2495.17,251.24,339.89,259.54
476,2021/4/20,61273,355.26,511.82,842.2,1406.37,718.05,1421.13,575.78,2474.25,249.95,344.36,262.45
477,2021/4/21,62857,360.5,521.37,853.63,1424.56,721.37,1437.3,583.77,2499.55,249.25,341.27,263.51
478,2021/4/22,67257,355.42,512.26,849.59,1408.02,715.25,1431.16,577.31,2470.15,247.6,338.91,262.52
479,2021/4/23,62399,358.74,520.87,858.65,1422.5,714.11,1440.34,587.97,2505.73,250.35,338.32,264.05
480,2021/4/24,53363,359.5033333,521.74,857.8266667,1425.45,711.3566667,1438.646667,588.6233333,2510.436667,250.57,337.7033333,264.2266667
481,2021/4/25,32065,360.2666667,522.61,857.0033333,1428.4,708.6033333,1436.953333,589.2766667,2515.143333,250.79,337.0866667,264.4033333
482,2021/4/26,47691,361.03,523.48,856.18,1431.35,705.85,1435.26,589.93,2519.85,251.01,336.47,264.58
483,2021/4/27,50856,365.57,522.32,863.63,1429.92,705.59,1427.98,595.27,2512.93,249.88,333.94,264.52
484,2021/4/28,55125,377.8,523.43,861.32,1429.92,705.87,1423,596.94,2488.74,252.91,333.44,263.62
485,2021/4/29,58199,381.98,526.67,867.31,1431.56,713.38,1417.49,607.79,2488.11,259.87,336.43,265.42
486,2021/4/30,57922,371.6,521.05,861.51,1435.89,713.69,1412.92,601.98,2452.63,257.55,339,267.06